file_name,detected_text,confidence,center_coordinates,azimuth,longitude,latitude,parcel_name
GS__1430,تاپ سپستم,0.690097221927202,"(3729, 1192)",155.61,59.51335819444444,36.33806411111112,['11-04-028-0031-002']
GS__1431,عوچر,0.159355342388153,"(827, 1392)",254.43,59.51355319444444,36.338033,['11-04-076-0001-004']
GS__1431, چلال,0.4630646454271901,"(1023, 1397)",272.07,59.51355319444444,36.338033,['11-04-075-0006']
GS__1431,57,0.1409387582721599,"(4310, 1237)",207.9,59.51355319444444,36.338033,['11-04-020-0010']
GS__1431,I,0.6170683853929972,"(4462, 1278)",221.58,59.51355319444444,36.338033,['11-04-020-0017']
GS__1431,'67|,0.1396790593862533,"(1106, 1378)",279.54,59.51355319444444,36.338033,['11-04-085-0011-002']
GS__1431,=,0.2444295276262673,"(2545, 2383)",49.05,59.51355319444444,36.338033,['11-04-051-0025-001']
GS__1432,٧؛٧ `,0.5353219001530544,"(573, 1601)",231.57,59.51366180555556,36.33801480555556,['11-04-019-0019-002']
GS__1432,/,0.1403966356341266,"(3698, 2236)",152.82,59.51366180555556,36.33801480555556,['11-04-028-0013-001']
GS__1434,٩١٥١٢,0.872328248274027,"(5475, 1933)",312.75,59.513826305555554,36.33800661111111,['11-04-084-0011-002']
GS__1434,=,0.1188267869491852,"(2474, 2353)",42.66,59.513826305555554,36.33800661111111,['11-04-040-0001-001']
GS__1437,٧آب٢٤٢,0.5295299721465839,"(4990, 1804)",269.1,59.5141245,36.33794888888889,['11-04-075-0011']
GS__1438,١٨٨٨ ١,0.1076595314306079,"(3417, 1332)",127.53,59.51423211111111,36.337929,['11-04-032-0020']
GS__1438,7,0.238807069638768,"(3653, 2254)",148.77,59.51423211111111,36.337929,['11-04-032-0029-002']
GS__1440,امام,0.3963719015398431,"(4675, 1403)",240.75,59.5144365,36.33787788888889,['11-04-075-0013']
GS__1440,پردبنانی ر ٣ِ -,0.1728366594531585,"(4765, 1538)",248.85,59.5144365,36.33787788888889,['11-04-085-0011-002']
GS__1440,ژاسام زُسان ',0.4606076474848129,"(4753, 1560)",247.77,59.5144365,36.33787788888889,['11-04-075-0013']
GS__1441,<,0.2492856724892966,"(2956, 2216)",86.03999999999999,59.5145245,36.33786088888889,['11-04-052-0015']
GS__1443,اخان خراحان ر,0.1744728980414497,"(3473, 1104)",132.57000000000002,59.5147065,36.33783230555556,['11-04-065-0004']
GS__1444,٥؛٨,0.1359205125646216,"(5467, 1538)",312.03000000000003,59.51480380555556,36.33780838888889,['11-04-077-0014']
GS__1446,f,0.5794845310270489,"(4186, 1572)",196.74,59.51504369444445,36.33774738888889,['11-04-020-0015-001']
GS__1447,/,0.2426073085770221,"(3577, 2241)",141.93,59.51515561111111,36.33773180555556,['11-04-032-0020']
GS__1447,=,0.1630666996495131,"(2465, 2361)",41.85,59.51515561111111,36.33773180555556,['11-04-064-0010-001']
GS__1448,چ,0.3765697169137105,"(4029, 373)",182.61,59.51529411111111,36.337703000000005,['11-04-075-0011']
GS__1449,7,0.3827029195192075,"(1635, 2454)",327.15,59.5154025,36.33768480555556,['11-04-074-0013-001']
GS__1451,7,0.7268395205983893,"(1644, 2463)",327.96,59.51569611111111,36.337632500000005,['11-04-074-0013-001']
GS__1451,٧٢ ٥٧٦٨ ٦٧,0.3027025260457449,"(4912, 1841)",262.08,59.51569611111111,36.337632500000005,['11-04-074-0010']
GS__1453,7,0.7589506423782986,"(1637, 2463)",327.33,59.515929,36.33760161111111,['11-04-073-0031']
GS__1454,7,0.2774196919909286,"(1635, 2465)",327.15,59.51607338888889,36.33757369444445,['11-04-073-0031']
GS__1456,7,0.4193459966760571,"(1646, 2477)",328.14,59.51635061111111,36.337518,['11-04-081-0024-001']
GS__1457,7,0.743891978928346,"(1642, 2486)",327.78,59.516492694444445,36.33748980555556,['11-04-081-0024-001']
GS__1462,7,0.4625505547028865,"(1642, 2495)",327.78,59.5170875,36.337392388888894,['11-04-081-0011-001']
GS__1463,7,0.1602387030458993,"(1644, 2475)",327.96,59.5172098,36.337372388888895,['11-04-081-0011-001']
GS__1463,7,0.3847723795115634,"(3660, 2225)",149.4,59.5172098,36.337372388888895,['11-04-064-0041-002']
GS__1463,=,0.1721242583772095,"(2515, 2372)",46.35,59.5172098,36.337372388888895,['11-04-063-0012-002']
GS__1464,م ٤٩=,0.4072609530255853,"(3153, 1580)",103.77,59.5174615,36.33734319444444,['11-04-040-0007']
GS__1465,/,0.5554840768327409,"(3645, 2211)",148.05,59.5175319,36.33733738888889,['11-04-064-0041-002']
GS__1466,/,0.6722659774813025,"(3666, 2231)",149.94,59.5176727,36.33731319444445,['11-04-064-0041-002']
GS__1467,/,0.5354292060446006,"(3638, 2221)",147.42,59.5177695,36.337288694444446,['11-04-064-0032-001']
GS__1468,",",0.4936502809932932,"(1626, 2468)",326.34000000000003,59.5178644,36.33726330555556,['11-04-081-0014-001']
GS__1470,7,0.1358170446223718,"(1620, 2454)",325.8,59.5180854,36.33721519444445,['11-04-134-0001-003']
GS__1474,9,0.1709142167953894,"(3656, 1408)",149.04,59.518529,36.3371395,['11-04-052-0013']
GS__1479,TOYOTA,0.8889076838898753,"(784, 1653)",250.56,59.5191232,36.33703130555556,['11-04-079-0030-001']
GS__1484,٠٩١٥٦٢١٥٩٥٢ ,0.934461271160606,"(3914, 1446)",172.26,59.51975711111111,36.3369215,['11-04-074-0013-001']
GS__1485,ب٤,0.4030607453112056,"(4325, 1636)",209.25000000000003,59.51987,36.33690030555556,['11-04-072-0009']
GS__1490,;,0.354088873501496,"(1615, 2436)",325.35,59.52020511111111,36.33712811111111,['11-04-135-0009-001']
GS__1492,;,0.1490987053933032,"(1637, 2454)",327.33,59.52025388888889,36.33729588888889,['11-04-140-0032']
GS__1496,;,0.114662217437317,"(1633, 2468)",326.97,59.520361305555554,36.33766338888889,['11-04-140-0009-001']
GS__1497,٧,0.1097250106240546,"(4155, 1383)",193.95,59.52038361111111,36.33777011111111,['11-04-069-0001']
GS__1497,٤,0.6967310358737109,"(1422, 1430)",307.98,59.52038361111111,36.33777011111111,['11-04-135-0030']
GS__1497,ف4,0.1791247061735116,"(4144, 1417)",192.96,59.52038361111111,36.33777011111111,['11-04-069-0001']
GS__1497,للنا,0.3740909811941827,"(1575, 1473)",321.75,59.52038361111111,36.33777011111111,['11-04-140-0028']
GS__1497,;,0.1825600308182808,"(1646, 2483)",328.14,59.52038361111111,36.33777011111111,['11-04-141-0029']
GS__1497, بدن مامسی دد,0.339217050955564,"(1491, 1481)",314.19,59.52038361111111,36.33777011111111,['11-04-135-0011']
GS__1501,٢٤٥5,0.246916189789772,"(3489, 1291)",134.01000000000002,59.520470805555554,36.33811580555556,['11-04-048-0036-001']
GS__1502,9eosi,0.5648692571628985,"(3921, 1291)",172.89,59.52049519444444,36.33819311111111,['11-04-064-0010-001']
GS__1503,pepsi,0.9418881255155012,"(4735, 1406)",246.15,59.52051988888888,36.33827780555556,['11-04-072-0017-002']
GS__1504,;,0.1030540937258175,"(1647, 2468)",328.23,59.52055080555555,36.33836030555556,['11-04-146-0018']
GS__1511,ف,0.1440874630159818,"(5660, 1730)",329.40000000000003,59.52073838888889,36.33904830555556,['11-04-147-0001']
GS__1513,;,0.2971857084160092,"(1604, 2427)",324.36,59.52078580555556,36.33922619444445,['11-04-147-0001']
GS__1516,<,0.1105048538052821,"(2981, 2218)",88.28999999999999,59.520576194444445,36.33935319444445,['11-04-198-0009']
GS__1522,٢٧؟٢٨,0.2652341972860536,"(3746, 1566)",157.14,59.51983888888889,36.33952380555556,['11-04-044-0001']
GS__1522,7,0.1607803442545909,"(1624, 2445)",326.16,59.51983888888889,36.33952380555556,['11-04-147-0001']
GS__1522,-,0.366319627040923,"(2452, 2367)",40.68,59.51983888888889,36.33952380555556,['11-04-043-0008-002']
GS__1523,7,0.4860334862017659,"(3642, 2264)",147.78,59.519711,36.33955138888889,['11-04-044-0001']
GS__1525,٤٤,0.5581308178699596,"(3856, 1446)",167.04000000000002,59.519471,36.33959169444445,['11-04-040-0001-001']
GS__1525,٤٤ ( ) ٤٤,0.1312006943412776,"(4040, 1469)",183.6,59.519471,36.33959169444445,['11-04-052-0033']
GS__1526,7,0.4366634671052374,"(1649, 2519)",328.41,59.5193444,36.33961188888889,['11-04-146-0009']
GS__1527,8٩,0.2039066526076992,"(3188, 2009)",106.92,59.5192351,36.33962680555556,['11-04-042-0009']
GS__1527,7,0.6162822194506958,"(3065, 2135)",95.85,59.5192351,36.33962680555556,['11-04-044-0001']
GS__1530,5,0.1071660162470147,"(1633, 2465)",326.97,59.5188574,36.3397165,['11-04-146-0016']
GS__1531,1,0.5658954207356146,"(4448, 1583)",220.32,59.5187306,36.33973319444445,['11-04-063-0001']
GS__1531,اینانرواس,0.2401982516377827,"(4545, 1568)",229.05,59.5187306,36.33973319444445,['11-04-063-0008-001']
GS__1531,<,0.2636949571938771,"(2954, 2216)",85.86,59.5187306,36.33973319444445,['11-04-042-0008']
GS__1531,ببرسدلا,0.39040574036059,"(4440, 1550)",219.6,59.5187306,36.33973319444445,['11-04-063-0001']
GS__1532,>,0.3234452666461607,"(2884, 2148)",79.56,59.5186196,36.33975369444445,['11-04-042-0007']
GS__1532,7,0.9256364657858284,"(3073, 2130)",96.57,59.5186196,36.33975369444445,['11-04-041-0012-002']
GS__1532,5,0.9672951198942634,"(1651, 2508)",328.59000000000003,59.5186196,36.33975369444445,['11-04-146-0016']
GS__1532,=,0.3662215087402387,"(2527, 2390)",47.43,59.5186196,36.33975369444445,['11-04-198-0001']
GS__1533,نا,0.4547005735389687,"(1867, 796)",348.03,59.5184948,36.33977030555556,['11-04-151-0001']
GS__1533,٤,0.1426322352500761,"(1878, 895)",349.02,59.5184948,36.33977030555556,['11-04-151-0001']
GS__1533,٨,0.2004093475122284,"(1910, 1145)",351.9,59.5184948,36.33977030555556,['11-04-152-0001']
GS__1533,غا,0.2781444403418074,"(1836, 667)",345.24,59.5184948,36.33977030555556,['11-04-151-0001']
GS__1533,/,0.7068933012435288,"(3673, 2237)",150.57,59.5184948,36.33977030555556,['11-04-042-0002']
GS__1534,},0.7260321790969471,"(731, 839)",245.79,59.5183572,36.33979088888889,['11-04-063-0030']
GS__1534,ذ,0.1957153415184729,"(747, 938)",247.23,59.5183572,36.33979088888889,['11-04-063-0030']
GS__1534,9,0.5637095211010354,"(756, 1037)",248.04,59.5183572,36.33979088888889,['11-04-063-0010']
GS__1534,زیبایی کل آرا,0.7195436867831,"(1343, 1305)",300.87,59.5183572,36.33979088888889,['11-04-080-0019-002']
GS__1536,7==,0.3443610938377333,"(4576, 656)",231.84,59.5180934,36.33983861111111,['11-04-074-0025']
GS__1536,تآ,0.1390749181621985,"(1565, 1554)",320.85,59.5180934,36.33983861111111,['11-04-140-0009-001']
GS__1539,5,0.1024457196711958,"(1640, 2488)",327.6,59.5176883,36.33990530555556,['11-04-057-0020-001']
GS__1545,7,0.3594416305588765,"(1622, 2452)",325.98,59.5169856,36.34005338888889,['11-04-140-0009-001']
GS__1546,EIق,0.1673178847127436,"(4576, 1688)",231.84,59.5168594,36.340072,['11-04-050-0031']
GS__1548,7,0.3742818277169277,"(1626, 2461)",326.34000000000003,59.51660230555556,36.34010880555556,['11-04-140-0009-001']
GS__1552,7,0.1554816198206419,"(1622, 2445)",325.98,59.516036694444445,36.34020988888889,['11-04-140-0032']
GS__1553,= ٤,0.5852859579110722,"(4405, 719)",216.45,59.515865,36.34024138888889,['11-04-066-0004-003']
GS__1557,ب,0.2472879335552456,"(1476, 1494)",312.84,59.51517680555556,36.34036569444444,['11-04-081-0024-001']
GS__1557,7,0.1143834147717512,"(1622, 2445)",325.98,59.51517680555556,36.34036569444444,['11-04-135-0007-002']
GS__1557,٥٧,0.3514303468673398,"(1391, 1500)",305.19,59.51517680555556,36.34036569444444,['11-04-050-0001-002']
GS__1559,=,0.3760334030950254,"(2510, 2385)",45.9,59.514862,36.34041838888889,['11-04-186-0001']
GS__1560,١٢ ٩٣٢٨١,0.5654390970727485,"(1262, 1723)",293.58,59.51471461111111,36.3404425,['11-04-067-0007']
GS__1560,-,0.424406411577948,"(2520, 2382)",46.8,59.51471461111111,36.3404425,['11-04-186-0001']
GS__1561,٦٥٩١٥٦٢,0.4956972894441897,"(3206, 1498)",108.54,59.51452961111111,36.340465,['11-04-211-0001']
GS__1563,7,0.2015147278348337,"(1631, 2456)",326.79,59.51425588888889,36.34050711111112,['11-04-135-0002-001']
GS__1564,٩٥٥٥٢,0.5057202607509751,"(3141, 1572)",102.69,59.51562111111111,36.34021688888889,['11-04-038-0010']
GS__1565,٦٤٩٢٩٢٥,0.1526340681474895,"(2801, 1401)",72.09,59.515614194444446,36.34020069444445,['11-04-039-0001']
GS__1565,",",0.1582457635436753,"(1669, 2528)",330.21,59.515614194444446,36.34020069444445,['11-04-140-0009-001']
GS__1567,Dr,0.2230488446258627,"(3011, 2211)",90.99,59.515567,36.34001888888889,['11-04-038-0010']
GS__1569,",",0.2591135882553885,"(1649, 2488)",328.41,59.515513194444445,36.33982288888889,['11-04-135-0009-001']
GS__1570,;,0.1730098161462843,"(1674, 2526)",330.66,59.51549380555556,36.33975311111112,['11-04-140-0032']
GS__1573,٥,0.5569117083705919,"(4178, 882)",196.02,59.51541380555555,36.339461,['11-04-032-0021-003']
GS__1574,سالن زيبای,0.6189897288473573,"(3683, 1109)",151.47,59.5153875,36.33936080555556,['11-04-051-0036']
GS__1574,٨٨,0.9520707564775304,"(3663, 1142)",149.67000000000002,59.5153875,36.33936080555556,['11-04-051-0036']
GS__1579,D~,0.2273191903211534,"(3014, 2212)",91.26,59.51525161111111,36.33891419444445,['11-04-051-0018']
GS__1582,ال~5,0.1356163024902343,"(3028, 2210)",92.52,59.51515861111111,36.33860819444445,['11-04-051-0017']
GS__1583,9٢٢٤,0.206070601940155,"(3305, 1467)",117.45,59.515139,36.3385085,['11-04-052-0013']
GS__1585,٠٢٩٥١,0.4606811986843197,"(2960, 1514)",86.39999999999999,59.51532311111111,36.33841480555556,['11-04-038-0004']
GS__1585,٢/,0.1463951720659824,"(2990, 2223)",89.1,59.51532311111111,36.33841480555556,['11-04-051-0019-002']
GS__1586,ن7,0.1754210745882352,"(1642, 2474)",327.78,59.51548230555556,36.3383845,['11-04-081-0011-001']
GS__1586,/,0.5752261069141618,"(3605, 2224)",144.45,59.51548230555556,36.3383845,['11-04-064-0041-002']
GS__1587,گ,0.6209905740468145,"(3577, 2205)",141.93,59.51561788888889,36.338357305555554,['11-04-064-0041-002']
GS__1587,-,0.343650145237703,"(1646, 2490)",328.14,59.51561788888889,36.338357305555554,['11-04-081-0011-001']
GS__1590,1,0.1585433078032716,"(4034, 1398)",183.06,59.51602119444444,36.33827880555556,['11-04-067-0003']
GS__1591,ش٤٥٥5,0.159771702270102,"(1892, 1589)",350.28,59.516165388888886,36.33825538888889,['11-04-146-0016']
GS__1592,=,0.2768883808556808,"(2481, 2376)",43.29,59.51631311111111,36.33823111111112,['11-04-049-0039-001']
GS__1593,7,0.3604903602347384,"(1640, 2483)",327.6,59.51645419444444,36.338205,['11-04-134-0001-003']
GS__1594,7,0.406467109812695,"(1624, 2443)",326.16,59.51658838888889,36.33817938888889,['11-04-134-0001-003']
GS__1594,٥٣ب٥٢,0.1583909515074151,"(5104, 1772)",279.36,59.51658838888889,36.33817938888889,['11-04-073-0001-002']
GS__1595,7,0.2902218840616264,"(1635, 2495)",327.15,59.5167169,36.3381435,['11-04-134-0004-002']
GS__1596,=?7?,0.1350018233060836,"(2231, 1345)",20.790000000000003,59.5168828,36.33810530555556,['11-04-045-0010']
GS__1596,٦,0.735373439988507,"(2078, 692)",7.02,59.5168828,36.33810530555556,['11-04-063-0012-002']
GS__1597,آآد,0.205080032237979,"(3613, 1602)",145.17,59.517024,36.33808038888889,['11-04-064-0010-001']
GS__1598,تم,0.2335954313229203,"(2877, 1464)",78.93,59.5171761,36.33805988888889,['11-04-049-0002-003']
GS__1599,آنیشآ,0.2747841575555966,"(2283, 1552)",25.47,59.5173126,36.33803119444445,['11-04-063-0012-002']
GS__1599,؟٦٥,0.2496566529211864,"(1977, 1572)",357.93,59.5173126,36.33803119444445,['11-04-147-0001']
GS__1599,5,0.9202108266217692,"(1662, 2526)",329.58,59.5173126,36.33803119444445,['11-04-080-0014-001']
GS__1600,/,0.4615555641408697,"(3665, 2218)",149.85,59.5174633,36.33799880555556,['11-04-051-0001-002']
GS__1601,7,0.5047723086295832,"(1647, 2495)",328.23,59.5176046,36.3379735,['11-04-080-0014-001']
GS__1601,/,0.7192883820416149,"(3698, 2222)",152.82,59.5176046,36.3379735,['11-04-052-0013']
GS__1602,؟,0.1338414262952989,"(5277, 872)",294.93,59.5177537,36.33794838888889,['11-04-079-0030-001']
GS__1604,5,0.1132462227532551,"(1635, 2461)",327.15,59.5180962,36.33788619444445,['11-04-135-0002-001']
GS__1605,رنبان دربابی,0.5357509506218555,"(3912, 1329)",172.07999999999998,59.5182385,36.3378555,['11-04-066-0004-003']
GS__1606,م٤٨٨٥,0.1241185218206023,"(2400, 1305)",36.0,59.5183602,36.33783488888889,['11-04-192-0004']
GS__1606,7,0.2540762133838861,"(1624, 2481)",326.16,59.5183602,36.33783488888889,['11-04-135-0002-001']
GS__1607,٩١٥٦ م ٤٦٩,0.8595144181145072,"(2832, 1625)",74.88,59.518448,36.33781730555556,['11-04-049-0019-003']
GS__1608,زیبایئ  خودرو مانتل,0.1264348900734363,"(4646, 1352)",238.14,59.5185353,36.33779861111111,['11-04-078-0024']
GS__1608,درانک بن,0.1158497830736544,"(4571, 1431)",231.39,59.5185353,36.33779861111111,['11-04-078-0028']
GS__1608,٥٥٨٢؟٦٤٩٥,0.1553633302833242,"(2983, 1489)",88.47,59.5185353,36.33779861111111,['11-04-063-0019']
GS__1609,زیبایی   خودرو,0.7213526410530838,"(5325, 1482)",299.25,59.5186567,36.33776830555556,['11-04-079-0016-001']
GS__1609,مانت,0.8754949533252908,"(5259, 1474)",293.31,59.5186567,36.33776830555556,['11-04-069-0001']
GS__1609,٥٧٥٢٥,0.584643902913667,"(2330, 1629)",29.700000000000003,59.5186567,36.33776830555556,['11-04-045-0006']
GS__1611,ن,0.9704265333392784,"(1966, 1223)",356.94,59.518941,36.337721388888895,['11-04-146-0008']
GS__1611,اکسپرس,0.9925421404941414,"(1883, 1230)",349.47,59.518941,36.337721388888895,
GS__1612,٦٢ ٩١٥ ٢ ٦٦٩,0.7574594700749742,"(3001, 1536)",90.09,59.5190625,36.33769980555556,['11-04-048-0001']
GS__1613,٩٨٥٢٢م ٦٤٦٩،,0.1940862191901798,"(3050, 1491)",94.5,59.5191642,36.337680500000005,['11-04-048-0001']
GS__1613,7,0.4325511817623919,"(1633, 2452)",326.97,59.5191642,36.337680500000005,['11-04-135-0007-002']
GS__1614,٩٦٥٦٤ م ٤٦٩,0.2478499612496123,"(3055, 1534)",94.95,59.5192817,36.33766011111111,['11-04-048-0002-001']
GS__1615,08,0.980850864220772,"(996, 1354)",269.64,59.5193877,36.33763869444444,['11-04-069-0001']
GS__1615,،٤٥٩٢٥٢٢,0.2106113420357693,"(3026, 1496)",92.34,59.5193877,36.33763869444444,['11-04-044-0001']
GS__1616,٩١٧١٢ ٢ ٦٤٩,0.1475303687651253,"(3008, 1509)",90.72,59.51953019444444,36.33761319444445,['11-04-198-0001']
GS__1616,ا9ات,0.346440851688385,"(1520, 1336)",316.8,59.51953019444444,36.33761319444445,['11-04-135-0002-001']
GS__1617,7,0.1045670837869048,"(1622, 2465)",325.98,59.5196525,36.3375915,['11-04-140-0035']
GS__1618,7,0.5637431747462109,"(1619, 2441)",325.71,59.51979980555556,36.33756638888889,['11-04-140-0035']
GS__1618,<,0.4361599306645622,"(3548, 2242)",139.32,59.51979980555556,36.33756638888889,['11-04-039-0006']
GS__1620,ا٥,0.5912047981962755,"(1149, 1453)",283.41,59.52003430555556,36.33752011111111,['11-04-081-0008']
GS__1620,7,0.2791245569285685,"(1633, 2475)",326.97,59.52003430555556,36.33752011111111,['11-04-140-0032']
GS__1620,7,0.5062257882910934,"(3645, 2228)",148.05,59.52003430555556,36.33752011111111,['11-04-050-0031']
GS__1621,٩٧٧٧٢ ٢ ٦٤٤,0.2165039885156144,"(2832, 1527)",74.88,59.52013980555555,36.33750169444445,['11-04-044-0019']
GS__1623,٤٢٩١٥٨٢,0.2049907069806388,"(2814, 1523)",73.25999999999999,59.520385,36.3374565,['11-04-192-0001']
GS__1625,0,0.1593539716477474,"(3677, 541)",150.93,59.52059730555556,36.33743011111111,['11-04-050-0031']
GS__1626,/,0.6288186280589549,"(3664, 2234)",149.76,59.520729805555554,36.33740911111112,['11-04-049-0001']
GS__1630,7,0.6436101755746826,"(1644, 2502)",327.96,59.52128688888889,36.33730511111112,['11-04-141-0029']
GS__1631,اٰٰ ار,0.2677261819137311,"(3309, 1248)",117.81,59.521414694444445,36.33728461111112,['11-04-198-0001']
GS__1632,gکأفه ا,0.5519536367191945,"(3802, 1250)",162.18,59.5215125,36.337265,['11-04-052-0013']
GS__1632,ضزل,0.665490448474884,"(1568, 1419)",321.12,59.5215125,36.337265,['11-04-141-0029']
GS__1632,رذ #ا,0.1319805006939282,"(1581, 1455)",322.29,59.5215125,36.337265,['11-04-141-0029']
GS__1632,بزیغ بیبر,0.1558913174774089,"(1579, 1480)",322.11,59.5215125,36.337265,['11-04-141-0029']
GS__1632,٤٢٥٢٧٢,0.2953343110157873,"(5189, 1774)",287.01,59.5215125,36.337265,['11-04-135-0033']
GS__1636,١١١١١١١٢,0.2488015679990649,"(3777, 1340)",159.92999999999998,59.520015694444446,36.338181194444445,['11-04-051-0017']
GS__1643,Deps,0.1292069405317306,"(2108, 1246)",9.72,59.5192311,36.3383265,['11-04-152-0002']
GS__1644,رباریت پامچال,0.2827608293740433,"(1608, 1230)",324.72,59.5191255,36.338346694444446,['11-04-140-0028']
GS__1644,peesi,0.6821968986900226,"(1310, 1267)",297.9,59.5191255,36.338346694444446,['11-04-081-0011-001']
GS__1644,آن بوتین,0.2286129853351941,"(1609, 1472)",324.81,59.5191255,36.338346694444446,['11-04-140-0028']
GS__1648,٤٤,0.9673231866094566,"(3863, 1300)",167.67,59.5186609,36.3384305,['11-04-052-0001-002']
GS__1649,٢٦ ٢,0.2761221826076507,"(3857, 1411)",167.13,59.5185095,36.33845961111111,['11-04-052-0001-003']
GS__1650,7,0.6183738072893483,"(1647, 2497)",328.23,59.5183551,36.3384845,['11-04-140-0028']
GS__1651,٥,0.2727191606951784,"(3566, 1302)",140.94,59.518205,36.33851219444445,['11-04-040-0001-001']
GS__1651,:,0.1955798023138868,"(3563, 1358)",140.67,59.518205,36.33851219444445,['11-04-040-0001-001']
GS__1652,;0,0.3527658849793707,"(5735, 1629)",336.15,59.5180426,36.33854180555556,['11-04-141-0023-002']
GS__1654,٥٢٢١٥,0.2190948382032777,"(182, 1750)",196.38,59.5177375,36.33860061111111,['11-04-067-0007']
GS__1657,٣٥ا,0.1132051992696663,"(1403, 902)",306.27,59.5171527,36.33869861111111,['11-04-063-0033-001']
GS__1657,;,0.3011305999950799,"(1640, 2457)",327.6,59.5171527,36.33869861111111,['11-04-135-0007-002']
GS__1657,EY٥٥ط,0.1043548700509161,"(861, 1912)",257.49,59.5171527,36.33869861111111,['11-04-063-0001']
GS__1658,کرو ساخماتی,0.1857227574453985,"(1207, 912)",288.63,59.5170279,36.338716000000005,['11-04-063-0035']
GS__1659,ط٢٤٧,0.8675630688667297,"(807, 1951)",252.63,59.5169061,36.33873869444445,['11-04-064-0022-001']
GS__1661,R,0.9297845538297942,"(4139, 1458)",192.51,59.5166668,36.338779888888894,['11-04-064-0041-002']
GS__1661,^,0.822811958682351,"(4130, 1505)",191.7,59.5166668,36.338779888888894,['11-04-064-0041-002']
GS__1661,ط ٤٤٧,0.683596013026475,"(312, 1876)",208.08,59.5166668,36.338779888888894,['11-04-064-0032-001']
GS__1661,7,0.136082263484405,"(1649, 2481)",328.41,59.5166668,36.338779888888894,['11-04-135-0002-001']
GS__1661,=,0.469235945550853,"(2503, 2382)",45.27,59.5166668,36.338779888888894,['11-04-049-0001']
GS__1663,=,0.2968695026116599,"(1649, 2504)",328.41,59.516390694444446,36.338824888888894,['11-04-135-0002-001']
GS__1665,7,0.2500461361234016,"(1651, 2474)",328.59000000000003,59.51593030555556,36.338907,['11-04-080-0014-001']
GS__1667,7,0.3180234704396447,"(3632, 2242)",146.88,59.51559311111111,36.33897319444445,['11-04-052-0013']
GS__1668,٩١٥٢٢ ٥ ٤٩؛,0.1637799019373342,"(2978, 1563)",88.02,59.515450305555554,36.33899688888889,['11-04-053-0001']
GS__1670,،٦٩٢٩٨٥٤٦,0.1401108237669144,"(2936, 1532)",84.24000000000001,59.51519411111112,36.33905130555556,['11-04-051-0019-002']
GS__1670,7,0.2926175523757734,"(1635, 2465)",327.15,59.51519411111112,36.33905130555556,['11-04-134-0001-003']
GS__1672,باللاي ؤز,0.2197418224489218,"(771, 1425)",249.39,59.5149115,36.33909480555556,['11-04-085-0011-002']
GS__1674,:/:':|:,0.3873787249300568,"(1496, 1412)",314.64,59.514567,36.33914911111111,['11-04-067-0007']
GS__1674,=,0.2392145335845761,"(2499, 2378)",44.91,59.514567,36.33914911111111,['11-04-039-0001']
GS__1676,٦,0.1118081114862059,"(4450, 893)",220.50000000000003,59.51425280555556,36.339203000000005,['11-04-065-0001-001']
GS__1678,7,0.2483719654877711,"(1638, 2470)",327.42,59.51395011111112,36.339250694444445,['11-04-081-0017']
GS__1678,=,0.2956000756078083,"(2496, 2375)",44.64,59.51395011111112,36.339250694444445,['11-04-051-0016']
GS__1679,٢٦٠٤٥٦٠٤,0.3851795375182752,"(1811, 1273)",342.99,59.51380069444444,36.33927369444445,['11-04-141-0023-002']
GS__1679,حعدزادد,0.729920590754552,"(1811, 1300)",342.99,59.51380069444444,36.33927369444445,['11-04-141-0023-002']
GS__1679,بابا,0.603625960352668,"(1921, 1293)",352.89,59.51380069444444,36.33927369444445,['11-04-147-0007']
GS__1679,هاییرعلی بابا,0.5060540848983672,"(1714, 1412)",334.26,59.51380069444444,36.33927369444445,['11-04-080-0014-001']
GS__1679,خ,0.1881400480372699,"(2552, 2387)",49.68000000000001,59.51380069444444,36.33927369444445,['11-04-052-0001-002']
GS__1680,شاچد علیبابا,0.1887932917860957,"(1139, 1360)",282.51,59.513691305555554,36.33929861111111,['11-04-065-0004']
GS__1680,مایپرعلی بابا,0.7144402889128139,"(697, 1509)",242.73,59.513691305555554,36.33929861111111,['11-04-020-0017']
GS__1680,٢٢٠٤٥٩٩٤,0.4037269349192275,"(669, 1404)",240.21,59.513691305555554,36.33929861111111,['11-04-020-0018']
GS__1680,مش,0.1713704344594726,"(1930, 1558)",353.7,59.513691305555554,36.33929861111111,['11-04-151-0001']
GS__1681,E,0.1523484019366527,"(1651, 2418)",328.59000000000003,59.51365111111111,36.339380000000006,['11-04-081-0011-001']
GS__1682,0ار5,0.2915060818195343,"(3600, 1185)",144.0,59.51368030555555,36.33951619444445,['11-04-033-0013']
GS__1682,جلوبنىى,0.3163147549402618,"(4592, 1266)",233.28,59.51368030555555,36.33951619444445,['11-04-032-0021-003']
GS__1682,صتحع,0.1122138872742652,"(4547, 1294)",229.23,59.51368030555555,36.33951619444445,['11-04-032-0021-003']
GS__1682,٥١٧ ٤,0.2475759938551991,"(1788, 1395)",340.92,59.51368030555555,36.33951619444445,['11-04-141-0029']
GS__1682,ر,0.3093902973923832,"(1651, 2533)",328.59000000000003,59.51368030555555,36.33951619444445,['11-04-081-0011-001']
GS__1682,افی,0.2713565282276479,"(4481, 1258)",223.29,59.51368030555555,36.33951619444445,['11-04-032-0020']
GS__1683,Seren ؟,0.6936240721305874,"(4311, 1318)",207.99,59.51372238888889,36.33965588888889,['11-04-032-0029-002']
GS__1683,م06@(,0.1928149337680065,"(4567, 1161)",231.03000000000003,59.51372238888889,36.33965588888889,['11-04-032-0021-003']
GS__1683,0ارکق,0.3411968117574831,"(4813, 1224)",253.17,59.51372238888889,36.33965588888889,
GS__1683,قنظیوم,0.2857953154557049,"(3913, 1260)",172.17000000000002,59.51372238888889,36.33965588888889,['11-04-033-0013']
GS__1683,0915E0062E,0.1945409497467986,"(4690, 1245)",242.1,59.51372238888889,36.33965588888889,['11-04-028-0021-001']
GS__1683,/من کارت ,0.3811117146861514,"(4621, 1274)",235.89,59.51372238888889,36.33965588888889,['11-04-032-0021-003']
GS__1683, کامل /,0.5677242631189875,"(4677, 1283)",240.93,59.51372238888889,36.33965588888889,['11-04-028-0021-001']
GS__1683,عابربائگ / قهوه اسپرسو پروتئینی,0.3906953567931844,"(4789, 1308)",251.01,59.51372238888889,36.33965588888889,
GS__1683,Mبe,0.3264566275170349,"(4402, 1330)",216.18,59.51372238888889,36.33965588888889,['11-04-032-0020']
GS__1684,الو سرویس وض,0.5638941107776221,"(3817, 1233)",163.53,59.51376338888889,36.33979530555556,['11-04-033-0018-001']
GS__1684,گلاسمی,0.3995748068122772,"(4101, 1207)",189.09,59.51376338888889,36.33979530555556,['11-04-033-0014-002']
GS__1684,روغن اتومنيل داى ابرانى وخارج,0.3324350320705298,"(3784, 1266)",160.56,59.51376338888889,36.33979530555556,
GS__1684,٠٥٠٢ ٥,0.4025090986930515,"(3748, 1293)",157.32,59.51376338888889,36.33979530555556,['11-04-036-0005']
GS__1684,اتومان,0.6747288395953318,"(3829, 1289)",164.61,59.51376338888889,36.33979530555556,['11-04-033-0018-001']
GS__1684,گیربک,0.4678686670050943,"(3884, 1287)",169.56,59.51376338888889,36.33979530555556,['11-04-033-0013']
GS__1685,اتو س رویس وج,0.1043362691421531,"(4399, 1243)",215.91,59.51383669444444,36.33990438888889,['11-04-032-0029-002']
GS__1685,٤ ٤٦٤٦ ٥٢٦ ٠٩٧٥,0.5959857545508038,"(2909, 1275)",81.81,59.51383669444444,36.33990438888889,
GS__1685,روغن اتومیسل شای ثراتی وخارحی,0.124858055291722,"(4380, 1283)",214.2,59.51383669444444,36.33990438888889,['11-04-032-0029-002']
GS__1685,7,0.5704157628277109,"(1608, 2416)",324.72,59.51383669444444,36.33990438888889,['11-04-081-0011-001']
GS__1686,هتین,0.7425640821456909,"(3687, 1217)",151.83,59.51396288888889,36.3398915,['11-04-036-0010-002']
GS__1686,لمق,0.2933480546536201,"(1297, 1267)",296.73,59.51396288888889,36.3398915,['11-04-052-0009']
GS__1687,٥0,0.2698597880868861,"(1804, 1460)",342.36,59.51407030555556,36.3398705,['11-04-146-0016']
GS__1687,IقL,0.2598427099806473,"(4134, 1666)",192.06,59.51407030555556,36.3398705,['11-04-033-0018-003']
GS__1689,7,0.2011290265983554,"(1644, 2479)",327.96,59.51433611111111,36.33982361111112,['11-04-080-0014-001']
GS__1689,/,0.4646364606485385,"(3710, 2228)",153.9,59.51433611111111,36.33982361111112,['11-04-051-0036']
GS__1690,0413,0.1963882604845215,"(3538, 1006)",138.42000000000002,59.51449111111111,36.33979569444445,['11-04-051-0036']
GS__1692,٨٨١١,0.114661194384098,"(3510, 1365)",135.9,59.51474688888889,36.3397445,['11-04-046-0005-003']
GS__1693,؟٤؟٦٨٥٢٩,0.3293541612166569,"(2321, 1539)",28.89,59.514907388888886,36.33971419444445,['11-04-039-0006']
GS__1693,7,0.6297188821518809,"(1633, 2499)",326.97,59.514907388888886,36.33971419444445,['11-04-080-0014-001']
GS__1694,گروه ساختمانی,0.922318430857252,"(4688, 1426)",241.92,59.515062,36.33968711111111,['11-04-052-0026']
GS__1694,الم,0.121383212506771,"(1145, 1489)",283.05,59.515062,36.33968711111111,['11-04-064-0041-002']
GS__1694,??,0.132652237897011,"(1261, 1387)",293.49,59.515062,36.33968711111111,['11-04-067-0007']
GS__1696,تسم,0.1947829565983463,"(2974, 1434)",87.66,59.5153485,36.3396465,['11-04-038-0004']
GS__1696,٣٤ ٦٢٤٥٧٢,0.1345881982667024,"(5609, 1795)",324.81,59.5153485,36.3396465,['11-04-080-0014-001']
GS__1696,7,0.3836182168252868,"(1642, 2483)",327.78,59.5153485,36.3396465,['11-04-135-0002-001']
GS__1696,77,0.2768610455767578,"(3640, 2222)",147.6,59.5153485,36.3396465,['11-04-051-0014']
GS__1696,=,0.2396987076926713,"(2495, 2385)",44.55,59.5153485,36.3396465,['11-04-050-0002']
GS__1697,ح,0.1966959352203368,"(1671, 2502)",330.39,59.51551388888889,36.33961561111112,['11-04-063-0008-001']
GS__1699,7,0.1924727958370278,"(1647, 2481)",328.23,59.515872888888886,36.33955769444445,['11-04-135-0007-002']
GS__1699,-,0.1605831347643525,"(2467, 2389)",42.03,59.515872888888886,36.33955769444445,['11-04-040-0004']
GS__1701,{7,0.3927186322805535,"(5647, 1748)",328.23,59.51617588888889,36.33949411111112,['11-04-053-0016-002']
GS__1702,(?٨,0.1133696803555887,"(5688, 1730)",331.92,59.51639138888889,36.33946311111112,['11-04-140-0009-001']
GS__1702,٤؟٥٧٢ ج٦٣,0.2726586587943938,"(5688, 1808)",331.92,59.51639138888889,36.33946311111112,['11-04-140-0009-001']
GS__1702,/,0.5419526662604426,"(3651, 2210)",148.59,59.51639138888889,36.33946311111112,['11-04-050-0002']
GS__1702,-,0.271328314423247,"(2519, 2384)",46.71,59.51639138888889,36.33946311111112,['11-04-050-0031']
GS__1703,٥٧٥٤ ٦٤,0.131810490402049,"(5692, 1791)",332.28000000000003,59.51656330555556,36.339436194444446,['11-04-140-0009-001']
GS__1704,T٥؛,0.33276050420448,"(5505, 1849)",315.45,59.5167287,36.339405500000005,['11-04-072-0016']
GS__1705,51,0.1920824448567322,"(3025, 2212)",92.25,59.5168803,36.33937980555556,['11-04-040-0007']
GS__1706,(٨٨,0.3961531922347776,"(5427, 1764)",308.43,59.5170214,36.33935511111111,['11-04-081-0007']
GS__1707,٣,0.1103045069073624,"(4547, 1381)",229.23,59.5171541,36.33933338888889,['11-04-064-0028-002']
GS__1707,T٥ج,0.2792881517656759,"(5415, 1801)",307.35,59.5171541,36.33933338888889,['11-04-081-0007']
GS__1707,",",0.4053904249090578,"(1631, 2488)",326.79,59.5171541,36.33933338888889,['11-04-140-0032']
GS__1708,٩٦٥٦٢م ٦٤٩,0.3950865342705625,"(3089, 1491)",98.01,59.517296,36.33930330555556,['11-04-039-0010']
GS__1708,٦٤٢٤٥٢٢٤٤,0.5286076086917483,"(5712, 1752)",334.08000000000004,59.517296,36.33930330555556,['11-04-141-0023-002']
GS__1709,عن رعاً,0.1468739388286639,"(1554, 1428)",319.86,59.5174451,36.33928111111111,['11-04-135-0002-001']
GS__1709,٥٨,0.8633745028028134,"(2038, 1431)",3.42,59.5174451,36.33928111111111,['11-04-045-0006']
GS__1709,3666680,0.1975758120097995,"(1547, 1472)",319.23,59.5174451,36.33928111111111,['11-04-135-0002-001']
GS__1709,٩١٥٦٦ ٢ ٦٦٩,0.2706655288494972,"(3037, 1525)",93.33,59.5174451,36.33928111111111,['11-04-049-0001']
GS__1710,چ,0.3597335736345144,"(1631, 2499)",326.79,59.5175586,36.33925961111111,['11-04-140-0028']
GS__1710,٠١١٥٤١٢٠٤٧,0.3348689195746011,"(4778, 1674)",250.02,59.5175586,36.33925961111111,['11-04-063-0003']
GS__1711,٩١٥٦٢ ٤ ٦٦٩,0.2507970334200063,"(3059, 1545)",95.31,59.5176484,36.33924430555556,['11-04-042-0001']
GS__1712,٥٤٧٦٦,0.4047467352290768,"(2128, 1530)",11.52,59.5177639,36.33922561111111,['11-04-049-0026-001']
GS__1712,7,0.1093396525011627,"(1608, 2443)",324.72,59.5177639,36.33922561111111,['11-04-140-0032']
GS__1715,=,0.3929221776502665,"(2481, 2374)",43.29,59.518205,36.339149194444445,['11-04-198-0003']
GS__1716,7,0.4330227432967923,"(1633, 2447)",326.97,59.5183697,36.3391235,['11-04-141-0029']
GS__1717,7,0.8949752811559506,"(1622, 2474)",325.98,59.5185103,36.33909838888889,['11-04-141-0029']
GS__1718,7,0.2077615158668777,"(1626, 2466)",326.34000000000003,59.5186287,36.33907719444445,['11-04-141-0029']
GS__1718,77,0.2342809257614108,"(3642, 2226)",147.78,59.5186287,36.33907719444445,['11-04-039-0006']
GS__1719,=,0.1738591715358985,"(1631, 2495)",326.79,59.5187522,36.33904830555556,['11-04-141-0023-002']
GS__1719,7,0.4868565211154418,"(3649, 2212)",148.41,59.5187522,36.33904830555556,['11-04-039-0006']
GS__1720,آ٩٥٥,0.2947878539562225,"(3143, 1574)",102.87,59.5188379,36.33902730555556,['11-04-049-0019-003']
GS__1721,٥٩٩٥٦٢,0.3801812947038617,"(2900, 1521)",81.0,59.5189486,36.33900338888889,['11-04-199-0011']
GS__1723,/,0.8397528289666667,"(3670, 2248)",150.29999999999998,59.5191837,36.33896669444445,['11-04-049-0019-003']
GS__1725,7,0.6151327066666887,"(3655, 2251)",148.95,59.51950111111111,36.33891111111112,['11-04-039-0010']
GS__1725,=,0.3171475097681195,"(2449, 2368)",40.41,59.51950111111111,36.33891111111112,['11-04-192-0002']
GS__1726,7,0.1488695379051998,"(1615, 2443)",325.35,59.519633,36.33888911111112,['11-04-057-0020-001']
GS__1726,7,0.1245448034530918,"(3650, 2252)",148.5,59.519633,36.33888911111112,['11-04-039-0010']
GS__1727,<,0.5396638805987095,"(2985, 2216)",88.65,59.51981311111111,36.33885761111112,['11-04-198-0003']
GS__1727,=,0.2911347276365319,"(2481, 2390)",43.29,59.51981311111111,36.33885761111112,['11-04-192-0002']
GS__1728,7,0.5147859379030173,"(1635, 2468)",327.15,59.51999130555556,36.33882630555556,['11-04-146-0017']
GS__1729,7,0.4586797909505016,"(1617, 2450)",325.53,59.52016319444444,36.33879761111111,['11-04-146-0017']
GS__1729,=,0.1372547244871533,"(2454, 2365)",40.86,59.52016319444444,36.33879761111111,['11-04-045-0010']
GS__1732,<,0.1434781998332832,"(2956, 2216)",86.03999999999999,59.52060288888889,36.33870538888889,['11-04-198-0009']
GS__1733,< 1,0.2436111271381378,"(2979, 2218)",88.11,59.52079019444445,36.33867688888889,['11-04-198-0010']
GS__1734,/,0.4857496304922826,"(3635, 2255)",147.15,59.52095788888889,36.33865211111112,['11-04-044-0001']
GS__1735,٣,0.8683235686494619,"(5336, 949)",300.24,59.52110169444445,36.33862930555556,['11-04-140-0028']
GS__1735,٩١٥٩٥٠٠٠٢٢,0.2759806992044851,"(4031, 1577)",182.79,59.52110169444445,36.33862930555556,['11-04-064-0032-001']
GS__1736,چ,0.1588882656589909,"(1624, 2425)",326.16,59.52124530555555,36.33860288888889,['11-04-147-0001']
GS__1736,7,0.3710853533054639,"(3659, 2254)",149.31,59.52124530555555,36.33860288888889,['11-04-044-0001']
GS__1737,/,0.7486814776723492,"(3586, 2236)",142.74,59.52140138888889,36.33857361111112,['11-04-044-0014-001']
GS__1738,٦٤٩٩١٥٢,0.6426905678025823,"(2839, 1532)",75.50999999999999,59.521644888888886,36.338532,['11-04-192-0005']
GS__1739,7,0.8698055034415688,"(1658, 2513)",329.22,59.52176330555555,36.33850261111111,['11-04-147-0002-002']
GS__1739,٤٥٥٩٥,0.1677598953802107,"(3555, 1645)",139.95,59.52176330555555,36.33850261111111,['11-04-044-0019']
GS__1739,هآ,0.1841176018877961,"(3972, 1805)",177.48,59.52176330555555,36.33850261111111,['11-04-032-0029-002']
GS__1739,تشآشد,0.1567952336188784,"(4051, 1819)",184.59,59.52176330555555,36.33850261111111,['11-04-063-0012-002']
GS__1740,٤٩٥٩٥٧٥,0.48497712965941,"(2974, 1520)",87.66,59.5218765,36.338484,['11-04-192-0004']
GS__1740,٤٧٢f,0.3045742809772491,"(4978, 1773)",268.02000000000004,59.5218765,36.338484,['11-04-135-0002-001']
GS__1742,ت,0.4804263275738982,"(2654, 1759)",58.86,59.5191948,36.34009569444445,['11-04-198-0001']
GS__1742,;,0.1017021071685384,"(1633, 2490)",326.97,59.5191948,36.34009569444445,['11-04-147-0001']
GS__1743,",",0.5242229192017476,"(1655, 2492)",328.95,59.5191691,36.339986,['11-04-147-0001']
GS__1745,<,0.9742200423307992,"(3044, 2209)",93.96,59.5191216,36.33978030555556,['11-04-199-0010']
GS__1748,ا ل~,0.4001156985759735,"(3032, 2210)",92.88,59.5190266,36.33946369444445,['11-04-042-0009']
GS__1748,",",0.1625110535349136,"(1637, 2479)",327.33,59.5190266,36.33946369444445,['11-04-146-0017']
GS__1752,-٥٩٨٥ ٥٩,0.2880718197314645,"(2835, 1356)",75.14999999999999,59.5189178,36.33905211111112,
GS__1753,ا ل~د=,0.1483670077715698,"(3041, 2211)",93.69,59.5188997,36.338970805555554,['11-04-042-0008']
GS__1753,7,0.1023986412093416,"(1640, 2490)",327.6,59.5188997,36.338970805555554,['11-04-141-0023-002']
GS__1754,ازک,0.3579811650107327,"(1703, 1199)",333.27,59.5188813,36.33888411111111,['11-04-057-0020-001']
GS__1755,>,0.6418276082766603,"(1876, 2565)",348.84,59.5188423,36.338756,['11-04-147-0007']
GS__1756,"رایشگاه ,",0.4851447332663139,"(3633, 1223)",146.97,59.5188102,36.33863138888889,['11-04-040-0001-001']
GS__1756,",",0.1850292808175178,"(1633, 2452)",326.97,59.5188102,36.33863138888889,['11-04-140-0009-001']
GS__1757,<,0.7725368615042818,"(2904, 2218)",81.36,59.518785,36.33853388888889,['11-04-042-0009']
GS__1757,7,0.1636068753517685,"(1626, 2421)",326.34000000000003,59.518785,36.33853388888889,['11-04-140-0028']
GS__1757,"رایشگاه ,",0.4029777021365571,"(4861, 1399)",257.49,59.518785,36.33853388888889,['11-04-079-0001']
GS__1760,",",0.1059339415744355,"(1629, 2441)",326.61,59.5187204,36.33828380555556,['11-04-140-0032']
GS__1761,7,0.1233954007126989,"(1628, 2461)",326.52,59.5186837,36.338149694444446,['11-04-062-0012']
GS__1761,١٢ ٢٥٢ ٥ ٦٩٥,0.3180192055100601,"(5419, 1783)",307.71,59.5186837,36.338149694444446,['11-04-081-0014-001']
GS__1762,اثامارلن,0.214665251389945,"(2468, 1127)",42.120000000000005,59.5186549,36.338040694444445,['11-04-192-0002']
GS__1762,7,0.1447512357596316,"(1635, 2466)",327.15,59.5186549,36.338040694444445,['11-04-135-0011']
GS__1762,٥ ٦٩٥,0.525383140759135,"(5302, 1896)",297.18,59.5186549,36.338040694444445,['11-04-079-0016-001']
GS__1762,١٢ ٤٥٢,0.6858702952311257,"(5361, 1910)",302.49,59.5186549,36.338040694444445,['11-04-081-0007']
GS__1763,9ی مارکت,0.6740182362866468,"(1113, 1248)",280.17,59.5186132,36.337891194444445,['11-04-069-0001']
GS__1763,١٢ ٤٥٢ ٥ ٦٩٥ ,0.5756690406112878,"(5093, 1807)",278.37,59.5186132,36.337891194444445,['11-04-069-0001']
GS__1764,ریباب   خودرو,0.3007208981811384,"(2866, 1138)",77.94,59.5185878,36.3378085,['11-04-042-0009']
GS__1764, ٩ مارئت,0.1142269618194593,"(188, 1499)",196.92,59.5185878,36.3378085,['11-04-073-0003']
GS__1764,،١٢ ٢٥٢ ٥,0.3530665493406998,"(4541, 1890)",228.69,59.5185878,36.3378085,['11-04-078-0028']
GS__1765,زیباین,0.1218516096886238,"(4090, 1212)",188.1,59.5185524,36.337665388888894,['11-04-074-0013-001']
GS__1765,رامک,0.879724383354187,"(3890, 1239)",170.1,59.5185524,36.337665388888894,['11-04-067-0007']
GS__1765,مانتل,0.5943374883009583,"(3968, 1160)",177.12,59.5185524,36.337665388888894,['11-04-027-0014']
GS__1765,خودرو,0.9417649226776672,"(4030, 1187)",182.7,59.5185524,36.337665388888894,['11-04-020-0012']
GS__1766,",",0.2265905654139013,"(1640, 2472)",327.6,59.5185204,36.33754461111111,['11-04-135-0001-002']
GS__1767,آا,0.1251571315869662,"(4963, 1361)",266.67,59.5184845,36.33741169444445,['11-04-079-0034']
GS__1767,١ ٥٧ى,0.5427267306877811,"(5323, 1927)",299.07,59.5184845,36.33741169444445,['11-04-069-0001']
GS__1768,<,0.781866202616758,"(3021, 2211)",91.89,59.5184523,36.33729780555556,['11-04-063-0021']
GS__1772,٠٩١٧١٦٤٧٢,0.2331343175658104,"(3525, 1210)",137.25,59.5183077,36.33679488888889,['11-04-051-0014']
GS__1772,7,0.1487220446790651,"(1671, 2529)",330.39,59.5183077,36.33679488888889,['11-04-134-0001-003']
GS__1773,BCI,0.1034403036745282,"(2940, 1476)",84.6,59.5182773,36.336688,['11-04-041-0012-003']
GS__1773,٠٩١٥٥١٦٢٥٧٢,0.7634125708236372,"(4668, 1349)",240.12,59.5182773,36.336688,['11-04-078-0019']
GS__1773,٨٠٢٠٢٠٠ذ٠٩٧,0.3658772506444674,"(4767, 1370)",249.03,59.5182773,36.336688,['11-04-083-0018']
GS__1776,fش٤٢,0.1446869522333145,"(5239, 1770)",291.51,59.5176774,36.336707,['11-04-078-0019']
GS__1780,١٢٥٢ ٩ ٦٩٢,0.1906081229881742,"(3073, 1563)",96.57,59.51664930555555,36.33688780555556,['11-04-040-0001-001']
GS__1784,;,0.3042676004956526,"(1637, 2461)",327.33,59.516646,36.33724930555556,['11-04-081-0024-001']
GS__1789,;,0.1317568661917825,"(1617, 2436)",325.53,59.5168046,36.33783011111111,['11-04-081-0011-001']
GS__1792,7070,0.1091741099953651,"(4016, 1356)",181.44,59.5169006,36.3381845,['11-04-067-0007']
GS__1795,[,0.3261135421892049,"(5321, 933)",298.89000000000004,59.5170305,36.33866530555556,['11-04-063-0035']
GS__1795,كروهساخمانى,0.1800170061054519,"(5462, 905)",311.58000000000004,59.5170305,36.33866530555556,['11-04-079-0016-001']
GS__1796,ودساختمانى,0.2551401618142722,"(5566, 1035)",320.94,59.5170548,36.33876580555556,['11-04-080-0017-001']
GS__1797,;,0.2721148840248908,"(1619, 2434)",325.71,59.5170902,36.33889638888889,['11-04-135-0002-001']
GS__1798,;,0.3409725924414033,"(1633, 2447)",326.97,59.5171271,36.33903569444445,['11-04-135-0009-001']
GS__1799,سازز ل ٢ ٠١٣٢٥٩١٠١,0.1510114662329559,"(998, 1530)",269.82,59.5171668,36.339151694444446,['11-04-063-0003']
GS__1799,",",0.189067884969142,"(1640, 2486)",327.6,59.5171668,36.339151694444446,['11-04-140-0032']
GS__1801,ص;,0.1087894027952635,"(1633, 2461)",326.97,59.5172106,36.3393555,['11-04-140-0028']
GS__1807,ال~8,0.1021699160337448,"(3028, 2211)",92.52,59.51561088888889,36.34012969444445,['11-04-038-0010']
GS__1808,ا<,0.3033847046369446,"(2976, 2213)",87.84,59.51557161111111,36.34001211111112,['11-04-038-0010']
GS__1809,7,0.1687383334645966,"(1651, 2487)",328.59000000000003,59.51553438888889,36.3399,['11-04-053-0016-002']
GS__1811,;,0.1886151227503854,"(1660, 2513)",329.4,59.51549688888889,36.339717694444445,['11-04-063-0008-001']
GS__1814,زیبایی,0.8066126670272662,"(3951, 1115)",175.59,59.51536988888889,36.33932319444445,['11-04-052-0001-002']
GS__1814,",",0.1139947237443586,"(1633, 2483)",326.97,59.51536988888889,36.33932319444445,['11-04-080-0014-001']
GS__1814,حسینیور,0.7528092399591696,"(3867, 1186)",168.03,59.51536988888889,36.33932319444445,['11-04-052-0013']
GS__1815,3,0.1569395630327728,"(1653, 2510)",328.77,59.5153295,36.33918588888889,['11-04-080-0014-001']
GS__1817,<,0.7568201520998628,"(2979, 2213)",88.11,59.515265694444444,36.33893019444445,['11-04-051-0019-002']
GS__1818,7,0.1404271226334117,"(1633, 2486)",326.97,59.5152295,36.33881319444445,['11-04-081-0011-001']
GS__1819,6-7-5,0.1022340586632192,"(3960, 875)",176.4,59.51518519444444,36.3386915,['11-04-032-0021-003']
GS__1819,FHRI,0.1026114746928215,"(2751, 1361)",67.59,59.51518519444444,36.3386915,['11-04-050-0002']
GS__1819,<,0.3465448080292823,"(2994, 2216)",89.46,59.51518519444444,36.3386915,['11-04-052-0020-002']
GS__1819,",",0.1296497539579242,"(1649, 2488)",328.41,59.51518519444444,36.3386915,['11-04-081-0011-001']
GS__1820,Eم,0.223191008786316,"(3122, 1404)",100.98,59.5151525,36.33857080555556,['11-04-051-0014']
GS__1820,;,0.1728281368697191,"(1667, 2522)",330.03,59.5151525,36.33857080555556,['11-04-134-0001-003']
GS__1821,٢٩١٥٦ ٠٤٩,0.1355367207363026,"(3230, 1444)",110.7,59.515129,36.33847261111112,['11-04-052-0026']
GS__1821,;,0.1199510038103293,"(1651, 2508)",328.59000000000003,59.515129,36.33847261111112,['11-04-081-0011-001']
GS__1823,;,0.1554658968439639,"(1649, 2495)",328.41,59.51508019444445,36.33827761111112,['11-04-067-0007']
GS__1825,;,0.1985533336416125,"(1660, 2501)",329.4,59.51500230555556,36.3379755,['11-04-074-0013-001']
GS__1826,BFUUI,0.1107011503439542,"(2864, 1395)",77.76,59.51497661111111,36.33787811111112,['11-04-038-0010']
GS__1828,7,0.3045034485915643,"(1653, 2501)",328.77,59.514916694444445,36.33764819444445,['11-04-074-0026']
processed_GS__1430,تاپ سیستم,0.3143227874869214,"(3729, 1189)",155.61,,,
processed_GS__1431,197'|],0.1697756347026387,"(850, 1449)",256.5,,,
processed_GS__1431,7,0.3318905824621687,"(1658, 2501)",329.22,,,
processed_GS__1431,UT,0.1872538596325507,"(4474, 1281)",222.66000000000005,,,
processed_GS__1432,٧٧٧,0.2367781969394261,"(575, 1602)",231.75,,,
processed_GS__1434,٩١٥٦٢,0.8331042606976017,"(5471, 1930)",312.39,,,
processed_GS__1437,٧آب٢٤٢,0.3358710913573939,"(4990, 1804)",269.1,,,
processed_GS__1444,٥إ٨,0.1878939061827708,"(5467, 1538)",312.03000000000003,,,
