file_name,detected_text,confidence,center_coordinates,azimuth,longitude,latitude
GS__1430,تاپ سپستم,0.690097221927202,"(3729, 1192)",155.61,59.51335819444444,36.338064111111116
GS__1431,عوچر,0.159355342388153,"(827, 1392)",254.43,59.51355319444444,36.338033
GS__1431, چلال,0.4630646454271901,"(1023, 1397)",272.07,59.51355319444444,36.338033
GS__1431,7,0.0975635309163545,"(1649, 2499)",328.41,59.51355319444444,36.338033
GS__1431,57,0.1409387582721599,"(4310, 1237)",207.9,59.51355319444444,36.338033
GS__1431,I,0.6170683853929972,"(4462, 1278)",221.58,59.51355319444444,36.338033
GS__1431,'67|,0.1396790593862533,"(1106, 1378)",279.54,59.51355319444444,36.338033
GS__1431,،٨٨٩٨,0.0988712926298914,"(836, 1448)",255.24,59.51355319444444,36.338033
GS__1431,=,0.2444295276262673,"(2545, 2383)",49.05,59.51355319444444,36.338033
GS__1432,,0.0,"(2542, 2378)",48.78,59.51366180555556,36.33801480555556
GS__1432,٧؛٧ `,0.5353219001530544,"(573, 1601)",231.57,59.51366180555556,36.33801480555556
GS__1432,/,0.1403966356341266,"(3698, 2236)",152.82,59.51366180555556,36.33801480555556
GS__1433,,0.0,"(2508, 2369)",45.72,59.51372438888889,36.33802169444445
GS__1433,,0.0,"(1644, 2479)",327.96,59.51372438888889,36.33802169444445
GS__1433,قدفلفم,0.0090392669937206,"(4682, 2149)",241.38,59.51372438888889,36.33802169444445
GS__1434,,0.0,"(3577, 2247)",141.93,59.513826305555554,36.33800661111111
GS__1434,٩١٥١٢,0.872328248274027,"(5475, 1933)",312.75,59.513826305555554,36.33800661111111
GS__1434,=,0.1188267869491852,"(2474, 2353)",42.66,59.513826305555554,36.33800661111111
GS__1435,ثل٢٧٥٥یع٥,0.0330015180816765,"(4562, 1806)",230.58,59.513934194444445,36.33799011111111
GS__1435,»,0.0253868024719929,"(1647, 2465)",328.23,59.513934194444445,36.33799011111111
GS__1436,,0.0,"(2513, 2362)",46.17,59.51402838888889,36.33797311111111
GS__1437,٧آب٢٤٢,0.5295299721465839,"(4990, 1804)",269.1,59.5141245,36.33794888888889
GS__1437,,0.0,"(1626, 2461)",326.34000000000003,59.5141245,36.33794888888889
GS__1437,,0.0,"(2487, 2363)",43.83,59.5141245,36.33794888888889
GS__1438,١٨٨٨ ١,0.1076595314306079,"(3417, 1332)",127.53,59.51423211111111,36.337929
GS__1438,;2,0.0373471019774396,"(1624, 2438)",326.16,59.51423211111111,36.337929
GS__1438,7,0.238807069638768,"(3653, 2254)",148.77,59.51423211111111,36.337929
GS__1440,امام,0.3963719015398431,"(4675, 1403)",240.75,59.5144365,36.33787788888889
GS__1440,Pقلآ,0.0108409970998764,"(5537, 1734)",318.33,59.5144365,36.33787788888889
GS__1440,پردبنانی ر ٣ِ -,0.1728366594531585,"(4765, 1538)",248.85,59.5144365,36.33787788888889
GS__1440,ژاسام زُسان ',0.4606076474848129,"(4753, 1560)",247.77,59.5144365,36.33787788888889
GS__1440,فا,0.0420227554856285,"(4816, 1720)",253.44,59.5144365,36.33787788888889
GS__1440,,0.0,"(2451, 2368)",40.59,59.5144365,36.33787788888889
GS__1441,<,0.2492856724892966,"(2956, 2216)",86.03999999999999,59.5145245,36.33786088888889
GS__1442,,0.0,"(2459, 2367)",41.31,59.51461069444444,36.33784719444445
GS__1442,,0.0,"(1631, 2459)",326.79,59.51461069444444,36.33784719444445
GS__1443,-[.؟١-1,0.0318094019010855,"(3424, 1080)",128.16,59.5147065,36.33783230555556
GS__1443,اار زئلی ز٨,0.0173474604512235,"(3478, 1075)",133.02,59.5147065,36.33783230555556
GS__1443,ازا حظظ راو8 کی رای نبد,0.0117904693667409,"(3469, 1042)",132.21,59.5147065,36.33783230555556
GS__1443,اخان خراحان ر,0.1744728980414497,"(3473, 1104)",132.57000000000002,59.5147065,36.33783230555556
GS__1444,٥؛٨,0.1359205125646216,"(5467, 1538)",312.03000000000003,59.51480380555556,36.33780838888889
GS__1446,تffffة٥آ5,0.0222070607130454,"(3404, 1561)",126.36,59.515043694444444,36.33774738888889
GS__1446,f,0.5794845310270489,"(4186, 1572)",196.74,59.515043694444444,36.33774738888889
GS__1447,5,0.0641612127080302,"(1624, 2447)",326.16,59.51515561111111,36.337731805555556
GS__1447,200(4,0.0234532130061577,"(3610, 1328)",144.9,59.51515561111111,36.337731805555556
GS__1447,/,0.2426073085770221,"(3577, 2241)",141.93,59.51515561111111,36.337731805555556
GS__1447,=,0.1630666996495131,"(2465, 2361)",41.85,59.51515561111111,36.337731805555556
GS__1448,چ,0.3765697169137105,"(4029, 373)",182.61,59.51529411111111,36.337703000000005
GS__1448,,0.0,"(2513, 2371)",46.17,59.51529411111111,36.337703000000005
GS__1448,٥ac٤,0.0251559000462293,"(4925, 1514)",263.25,59.51529411111111,36.337703000000005
GS__1449,7,0.3827029195192075,"(1635, 2454)",327.15,59.5154025,36.33768480555556
GS__1449,,0.0,"(2551, 2348)",49.59,59.5154025,36.33768480555556
GS__1450,,0.0,"(1624, 2474)",326.16,59.51551188888889,36.337665694444446
GS__1451,[EMfT,0.0407219323268095,"(3653, 1585)",148.77,59.51569611111111,36.337632500000005
GS__1451,7,0.7268395205983893,"(1644, 2463)",327.96,59.51569611111111,36.337632500000005
GS__1451,0303?9,0.0168723690441423,"(4752, 1411)",247.68,59.51569611111111,36.337632500000005
GS__1451,لاتا .,0.0483689292760038,"(4709, 1428)",243.81,59.51569611111111,36.337632500000005
GS__1451,٧٢ ٥٧٦٨ ٦٧,0.3027025260457449,"(4912, 1841)",262.08,59.51569611111111,36.337632500000005
GS__1452,",2",0.0139616619152527,"(1626, 2447)",326.34000000000003,59.51580769444445,36.33762061111111
GS__1452,,0.0,"(3663, 2257)",149.67000000000002,59.51580769444445,36.33762061111111
GS__1453,,0.0,"(2501, 2367)",45.09,59.515929,36.33760161111111
GS__1453,7,0.7589506423782986,"(1637, 2463)",327.33,59.515929,36.33760161111111
GS__1454,7,0.2774196919909286,"(1635, 2465)",327.15,59.51607338888889,36.337573694444444
GS__1454,7,0.0803351891659645,"(2497, 2373)",44.73,59.51607338888889,36.337573694444444
GS__1455,,0.0,"(1620, 2470)",325.8,59.516192805555555,36.33755088888889
GS__1455,,0.0,"(2532, 2356)",47.88,59.516192805555555,36.33755088888889
GS__1456,7,0.4193459966760571,"(1646, 2477)",328.14,59.51635061111111,36.337518
GS__1457,7,0.743891978928346,"(1642, 2486)",327.78,59.516492694444445,36.337489805555556
GS__1458,٣٢,0.0997732177356694,"(4477, 1363)",222.93,59.5165885,36.33746419444444
GS__1458,غ :,0.0993347344449451,"(4531, 1376)",227.79,59.5165885,36.33746419444444
GS__1462,7,0.4625505547028865,"(1642, 2495)",327.78,59.5170875,36.337392388888894
GS__1462,,0.0,"(2516, 2385)",46.44,59.5170875,36.337392388888894
GS__1463,7,0.1602387030458993,"(1644, 2475)",327.96,59.517209799999996,36.337372388888895
GS__1463,7,0.3847723795115634,"(3660, 2225)",149.4,59.517209799999996,36.337372388888895
GS__1463,=,0.1721242583772095,"(2515, 2372)",46.35,59.517209799999996,36.337372388888895
GS__1464,",",0.0382109463915805,"(1671, 2535)",330.39,59.517461499999996,36.33734319444444
GS__1464,م ٤٩=,0.4072609530255853,"(3153, 1580)",103.77,59.517461499999996,36.33734319444444
GS__1464,ش٥٣ل٩,0.0421366305501576,"(3238, 1600)",111.42,59.517461499999996,36.33734319444444
GS__1464,rfف,0.0013970091272123,"(75, 2000)",186.75,59.517461499999996,36.33734319444444
GS__1464,,0.0,"(2601, 2397)",54.09,59.517461499999996,36.33734319444444
GS__1465,7,0.0552775598235735,"(1653, 2497)",328.77,59.5175319,36.33733738888889
GS__1465,/,0.5554840768327409,"(3645, 2211)",148.05,59.5175319,36.33733738888889
GS__1465,,0.0,"(2523, 2390)",47.07,59.5175319,36.33733738888889
GS__1466,",",0.0773200757069156,"(1642, 2470)",327.78,59.5176727,36.33731319444445
GS__1466,/,0.6722659774813025,"(3666, 2231)",149.94,59.5176727,36.33731319444445
GS__1466,,0.0,"(2524, 2371)",47.16,59.5176727,36.33731319444445
GS__1467,,0.0,"(2522, 2384)",46.98,59.5177695,36.337288694444446
GS__1467,/,0.5354292060446006,"(3638, 2221)",147.42,59.5177695,36.337288694444446
GS__1468,",",0.4936502809932932,"(1626, 2468)",326.34000000000003,59.5178644,36.33726330555556
GS__1469,ILU=,0.0207917410880327,"(5177, 1671)",285.93,59.5179752,36.33723988888889
GS__1469,7,0.0880848370443665,"(1640, 2472)",327.6,59.5179752,36.33723988888889
GS__1469,=,0.0310561877920543,"(2489, 2373)",44.01,59.5179752,36.33723988888889
GS__1470,7,0.1358170446223718,"(1620, 2454)",325.8,59.5180854,36.33721519444445
GS__1474,9,0.1709142167953894,"(3656, 1408)",149.04,59.518529,36.3371395
GS__1477,٨ 7,0.0383515367277064,"(2942, 2225)",84.78,59.5188893,36.33707119444445
GS__1479,,0.0,"(1617, 2411)",325.53,59.519123199999996,36.337031305555556
GS__1479,لفتته,0.0186759489789041,"(2967, 1384)",87.03,59.519123199999996,36.337031305555556
GS__1479,TOYOTA,0.8889076838898753,"(784, 1653)",250.56,59.519123199999996,36.337031305555556
GS__1484,٠٩١٥٦٢١٥٩٥٢ ,0.934461271160606,"(3914, 1446)",172.26,59.51975711111111,36.3369215
GS__1485,ب٤,0.4030607453112056,"(4325, 1636)",209.25000000000003,59.51987,36.33690030555556
GS__1486,,0.0,"(2444, 2371)",39.96,59.51996738888889,36.336882
GS__1488,,0.0,"(1631, 2479)",326.79,59.52013930555555,36.3369355
GS__1489,;,0.0549958507864767,"(1640, 2472)",327.6,59.52016911111111,36.33701061111111
GS__1490,;,0.354088873501496,"(1615, 2436)",325.35,59.52020511111111,36.33712811111111
GS__1491,;٤,0.0341789543023088,"(1629, 2452)",326.61,59.520230805555556,36.337216805555556
GS__1492,;,0.1490987053933032,"(1637, 2454)",327.33,59.52025388888889,36.33729588888889
GS__1493,8EE٩ع,0.0669275320982134,"(4407, 1039)",216.63,59.520277694444445,36.33738080555556
GS__1493,;,0.0449603074138771,"(1644, 2481)",327.96,59.520277694444445,36.33738080555556
GS__1494,,0.0,"(1628, 2452)",326.52,59.520303999999996,36.33747638888889
GS__1494,ششلو,0.007429186720401,"(4634, 1063)",237.06,59.520303999999996,36.33747638888889
GS__1495,[fشذف,0.0386949416977214,"(566, 1822)",230.94,59.52033080555555,36.337567500000006
GS__1495,;٤,0.0313051721084548,"(1642, 2483)",327.78,59.52033080555555,36.337567500000006
GS__1496,,0.0,"(1426, 1496)",308.34000000000003,59.520361305555554,36.33766338888889
GS__1496,;,0.114662217437317,"(1633, 2468)",326.97,59.520361305555554,36.33766338888889
GS__1497,٧,0.1097250106240546,"(4155, 1383)",193.95,59.52038361111111,36.33777011111111
GS__1497,٤,0.6967310358737109,"(1422, 1430)",307.98,59.52038361111111,36.33777011111111
GS__1497,ف4,0.1791247061735116,"(4144, 1417)",192.96,59.52038361111111,36.33777011111111
GS__1497,للنا,0.3740909811941827,"(1575, 1473)",321.75,59.52038361111111,36.33777011111111
GS__1497,;,0.1825600308182808,"(1646, 2483)",328.14,59.52038361111111,36.33777011111111
GS__1497, بدن مامسی دد,0.339217050955564,"(1491, 1481)",314.19,59.52038361111111,36.33777011111111
GS__1498,٥fش٨٩پ,0.0124661219924813,"(41, 1815)",183.69,59.52040380555555,36.3378685
GS__1498,",٤",0.0189919936875241,"(1642, 2466)",327.78,59.52040380555555,36.3378685
GS__1501,میپوماکث,0.0596518623166078,"(3600, 1252)",144.0,59.520470805555554,36.33811580555556
GS__1501,٢٤٥5,0.246916189789772,"(3489, 1291)",134.01000000000002,59.520470805555554,36.33811580555556
GS__1501,;,0.074296492090653,"(1635, 2468)",327.15,59.520470805555554,36.33811580555556
GS__1502,9eosi,0.5648692571628985,"(3921, 1291)",172.89,59.52049519444444,36.33819311111111
GS__1503,pepsi,0.9418881255155012,"(4735, 1406)",246.15,59.520519888888884,36.338277805555556
GS__1504,;,0.1030540937258175,"(1647, 2468)",328.23,59.52055080555555,36.33836030555556
GS__1505,لآهعللآ,0.0077576946671768,"(4948, 1805)",265.32,59.52058,36.3384695
GS__1506,",2",0.0444181983701424,"(1655, 2489)",328.95,59.52060438888889,36.338545805555555
GS__1508,ر,0.0503846890300687,"(1651, 2493)",328.59000000000003,59.52065161111111,36.33873311111111
GS__1511,ف,0.1440874630159818,"(5660, 1730)",329.40000000000003,59.52073838888889,36.33904830555556
GS__1512,TJ٥lff,0.0083114567588169,"(131, 1816)",191.79,59.520764388888885,36.33914738888889
GS__1513,;,0.2971857084160092,"(1604, 2427)",324.36,59.520785805555555,36.33922619444445
GS__1514,تگلخاءا,0.0578872011360311,"(3109, 1488)",99.81,59.52075280555555,36.33929838888889
GS__1515,z,0.0102437985328942,"(1640, 2448)",327.6,59.5206885,36.339333805555555
GS__1516,٥r,0.0098260269250306,"(2997, 1451)",89.73,59.520576194444445,36.33935319444445
GS__1516,<,0.1105048538052821,"(2981, 2218)",88.28999999999999,59.520576194444445,36.33935319444445
GS__1517,,0.0,"(1637, 2457)",327.33,59.520451888888886,36.339374694444444
GS__1518,,0.0,"(3661, 2246)",149.49,59.52030161111111,36.33939938888889
GS__1518,,0.0,"(2501, 2364)",45.09,59.52030161111111,36.33939938888889
GS__1519,,0.0,"(1624, 2438)",326.16,59.52019138888889,36.339426305555556
GS__1519,,0.0,"(2460, 2361)",41.4,59.52019138888889,36.339426305555556
GS__1521,,0.0,"(1633, 2457)",326.97,59.51996719444444,36.33949761111111
GS__1521,,0.0,"(2456, 2374)",41.04,59.51996719444444,36.33949761111111
GS__1522,٢٧؟٢٨,0.2652341972860536,"(3746, 1566)",157.14,59.51983888888889,36.33952380555556
GS__1522,7,0.1607803442545909,"(1624, 2445)",326.16,59.51983888888889,36.33952380555556
GS__1522,,0.0,"(3670, 2256)",150.29999999999998,59.51983888888889,36.33952380555556
GS__1522,-,0.366319627040923,"(2452, 2367)",40.68,59.51983888888889,36.33952380555556
GS__1523,7,0.4860334862017659,"(3642, 2264)",147.78,59.519711,36.33955138888889
GS__1523,,0.0,"(2449, 2355)",40.41,59.519711,36.33955138888889
GS__1525,٤٤,0.5581308178699596,"(3856, 1446)",167.04000000000002,59.519470999999996,36.339591694444444
GS__1525,٤٤ ( ) ٤٤,0.1312006943412776,"(4040, 1469)",183.6,59.519470999999996,36.339591694444444
GS__1525,,0.0,"(2469, 2365)",42.21,59.519470999999996,36.339591694444444
GS__1526,7,0.4366634671052374,"(1649, 2519)",328.41,59.5193444,36.33961188888889
GS__1526,,0.0,"(2551, 2395)",49.59,59.5193444,36.33961188888889
GS__1527,8٩,0.2039066526076992,"(3188, 2009)",106.92,59.519235099999996,36.33962680555556
GS__1527,,0.0,"(1656, 2497)",329.04,59.519235099999996,36.33962680555556
GS__1527,7,0.6162822194506958,"(3065, 2135)",95.85,59.519235099999996,36.33962680555556
GS__1527,,0.0,"(2527, 2385)",47.43,59.519235099999996,36.33962680555556
GS__1530,5,0.1071660162470147,"(1633, 2465)",326.97,59.5188574,36.3397165
GS__1530,,0.0,"(2490, 2368)",44.1,59.5188574,36.3397165
GS__1531,1,0.5658954207356146,"(4448, 1583)",220.32,59.5187306,36.33973319444445
GS__1531,اینانرواس,0.2401982516377827,"(4545, 1568)",229.05,59.5187306,36.33973319444445
GS__1531,<,0.2636949571938771,"(2954, 2216)",85.86,59.5187306,36.33973319444445
GS__1531,ببرسدلا,0.39040574036059,"(4440, 1550)",219.6,59.5187306,36.33973319444445
GS__1531,77,0.0680277694399004,"(4530, 1605)",227.7,59.5187306,36.33973319444445
GS__1532,>,0.3234452666461607,"(2884, 2148)",79.56,59.5186196,36.33975369444445
GS__1532,7,0.9256364657858284,"(3073, 2130)",96.57,59.5186196,36.33975369444445
GS__1532,5,0.9672951198942634,"(1651, 2508)",328.59000000000003,59.5186196,36.33975369444445
GS__1532,46ُ,0.0457374125457912,"(4798, 1583)",251.82,59.5186196,36.33975369444445
GS__1532,=,0.3662215087402387,"(2527, 2390)",47.43,59.5186196,36.33975369444445
GS__1533,نا,0.4547005735389687,"(1867, 796)",348.03,59.5184948,36.33977030555556
GS__1533,٤,0.1426322352500761,"(1878, 895)",349.02,59.5184948,36.33977030555556
GS__1533,٨,0.2004093475122284,"(1910, 1145)",351.9,59.5184948,36.33977030555556
GS__1533,غا,0.2781444403418074,"(1836, 667)",345.24,59.5184948,36.33977030555556
GS__1533,/,0.7068933012435288,"(3673, 2237)",150.57,59.5184948,36.33977030555556
GS__1533,,0.0,"(2506, 2372)",45.54,59.5184948,36.33977030555556
GS__1534,?,0.0629804391225121,"(719, 765)",244.71,59.5183572,36.33979088888889
GS__1534,},0.7260321790969471,"(731, 839)",245.79,59.5183572,36.33979088888889
GS__1534,ذ,0.1957153415184729,"(747, 938)",247.23,59.5183572,36.33979088888889
GS__1534,9,0.5637095211010354,"(756, 1037)",248.04,59.5183572,36.33979088888889
GS__1534,زیبایی کل آرا,0.7195436867831,"(1343, 1305)",300.87,59.5183572,36.33979088888889
GS__1534,;,0.0564500206653315,"(1642, 2465)",327.78,59.5183572,36.33979088888889
GS__1536,7==,0.3443610938377333,"(4576, 656)",231.84,59.5180934,36.33983861111111
GS__1536,٤٦٣٥١,0.0088291969540684,"(2027, 1476)",2.43,59.5180934,36.33983861111111
GS__1536,أ٥,0.0322797352756198,"(2027, 1534)",2.43,59.5180934,36.33983861111111
GS__1536,تآ,0.1390749181621985,"(1565, 1554)",320.85,59.5180934,36.33983861111111
GS__1537,,0.0,"(1649, 2486)",328.41,59.5179402,36.33986238888889
GS__1539,5,0.1024457196711958,"(1640, 2488)",327.6,59.517688299999996,36.33990530555556
GS__1539,,0.0,"(2504, 2384)",45.36,59.517688299999996,36.33990530555556
GS__1540,,0.0,"(2524, 2398)",47.16,59.5175806,36.33992388888889
GS__1543,,0.0,"(1638, 2450)",327.42,59.5172221,36.340009305555554
GS__1544,7,0.0791603976326706,"(1633, 2452)",326.97,59.5171212,36.340029111111114
GS__1545,7,0.3594416305588765,"(1622, 2452)",325.98,59.5169856,36.34005338888889
GS__1545,,0.0,"(2499, 2358)",44.91,59.5169856,36.34005338888889
GS__1546,EIق,0.1673178847127436,"(4576, 1688)",231.84,59.5168594,36.340072
GS__1546,,0.0,"(2445, 2380)",40.05,59.5168594,36.340072
GS__1547,TT,0.0023737111510035,"(4618, 644)",235.62,59.5167296,36.340089194444445
GS__1547,,0.0,"(2499, 2373)",44.91,59.5167296,36.340089194444445
GS__1548,7,0.3742818277169277,"(1626, 2461)",326.34000000000003,59.51660230555556,36.34010880555556
GS__1548,,0.0,"(2485, 2366)",43.65,59.51660230555556,36.34010880555556
GS__1549,=,0.0717979842154656,"(2432, 2358)",38.88,59.51643111111111,36.340134500000005
GS__1550,,0.0,"(2440, 2355)",39.6,59.51627738888889,36.340155611111115
GS__1552,7,0.1554816198206419,"(1622, 2445)",325.98,59.516036694444445,36.34020988888889
GS__1552,IT٥N,0.0256166663020849,"(5212, 1721)",289.08000000000004,59.516036694444445,36.34020988888889
GS__1552,,0.0,"(2443, 2366)",39.87,59.516036694444445,36.34020988888889
GS__1553,= ٤,0.5852859579110722,"(4405, 719)",216.45,59.515865,36.34024138888889
GS__1553,,0.0,"(2492, 2363)",44.28,59.515865,36.34024138888889
GS__1554,غتععفقماء,0.0194424042862318,"(4987, 1873)",268.83,59.51565538888889,36.340280500000006
GS__1555,,0.0,"(1649, 2488)",328.41,59.51552438888889,36.3403025
GS__1557,ب,0.2472879335552456,"(1476, 1494)",312.84,59.515176805555555,36.34036569444444
GS__1557,,0.0,"(1316, 1512)",298.44,59.515176805555555,36.34036569444444
GS__1557,7,0.1143834147717512,"(1622, 2445)",325.98,59.515176805555555,36.34036569444444
GS__1557,٥٧,0.3514303468673398,"(1391, 1500)",305.19,59.515176805555555,36.34036569444444
GS__1557,٥,0.076688395123913,"(1236, 1517)",291.24,59.515176805555555,36.34036569444444
GS__1557,,0.0,"(2471, 2362)",42.39,59.515176805555555,36.34036569444444
GS__1558,,0.0,"(1624, 2430)",326.16,59.51501538888889,36.340393194444445
GS__1558,نتتآ,0.0293484628200531,"(1621, 1557)",325.89,59.51501538888889,36.340393194444445
GS__1558,,0.0,"(2432, 2356)",38.88,59.51501538888889,36.340393194444445
GS__1559,=,0.3760334030950254,"(2510, 2385)",45.9,59.514862,36.34041838888889
GS__1560,١٢ ٩٣٢٨١,0.5654390970727485,"(1262, 1723)",293.58,59.51471461111111,36.3404425
GS__1560,-,0.424406411577948,"(2520, 2382)",46.8,59.51471461111111,36.3404425
GS__1561,٦٥٩١٥٦٢,0.4956972894441897,"(3206, 1498)",108.54,59.51452961111111,36.340465
GS__1561,,0.0,"(1635, 2454)",327.15,59.51452961111111,36.340465
GS__1561,,0.0,"(2484, 2365)",43.56,59.51452961111111,36.340465
GS__1562,,0.0,"(1641, 2467)",327.69,59.5143865,36.3404875
GS__1562,,0.0,"(2463, 2375)",41.67,59.5143865,36.3404875
GS__1563,-7=7=2,0.010525384592366,"(4322, 1223)",208.98,59.51425588888889,36.340507111111116
GS__1563,7,0.2015147278348337,"(1631, 2456)",326.79,59.51425588888889,36.340507111111116
GS__1563,,0.0,"(2459, 2371)",41.31,59.51425588888889,36.340507111111116
GS__1564,٩٥٥٥٢,0.5057202607509751,"(3141, 1572)",102.69,59.51562111111111,36.34021688888889
GS__1564,,0.0,"(1748, 2542)",337.32,59.51562111111111,36.34021688888889
GS__1565,٦٤٩٢٩٢٥,0.1526340681474895,"(2801, 1401)",72.09,59.515614194444446,36.34020069444445
GS__1565,",",0.1582457635436753,"(1669, 2528)",330.21,59.515614194444446,36.34020069444445
GS__1566,سفلنم,0.004508156744866,"(2783, 1338)",70.47,59.51559511111111,36.340131694444445
GS__1566,;,0.0624897633214525,"(1651, 2495)",328.59000000000003,59.51559511111111,36.340131694444445
GS__1567,Tma,0.0840791199943221,"(2798, 1325)",71.82000000000001,59.515567,36.34001888888889
GS__1567,م,0.0487022990159291,"(1642, 2479)",327.78,59.515567,36.34001888888889
GS__1567,Dr,0.2230488446258627,"(3011, 2211)",90.99,59.515567,36.34001888888889
GS__1569,تلشتذ -,0.0382979534128811,"(3771, 1525)",159.39,59.515513194444445,36.33982288888889
GS__1569,",",0.2591135882553885,"(1649, 2488)",328.41,59.515513194444445,36.33982288888889
GS__1570,;,0.1730098161462843,"(1674, 2526)",330.66,59.51549380555556,36.339753111111115
GS__1570,٩Iم٥,0.0305325873196125,"(2672, 1439)",60.48,59.51549380555556,36.339753111111115
GS__1573,٥,0.5569117083705919,"(4178, 882)",196.02,59.51541380555555,36.339461
GS__1573,,0.0,"(1647, 2488)",328.23,59.51541380555555,36.339461
GS__1573,99,0.0515183181278775,"(4431, 921)",218.79,59.51541380555555,36.339461
GS__1573,4:PP447,0.0273178780001013,"(4254, 1125)",202.86,59.51541380555555,36.339461
GS__1574,سالن زيبای,0.6189897288473573,"(3683, 1109)",151.47,59.5153875,36.33936080555556
GS__1574,٨٨,0.9520707564775304,"(3663, 1142)",149.67000000000002,59.5153875,36.33936080555556
GS__1574,٥٨٨٥ ٤٥ ٦ (-,0.0048479585937076,"(2772, 1399)",69.48,59.5153875,36.33936080555556
GS__1578,;,0.0498670870999973,"(1649, 2486)",328.41,59.51528588888889,36.339016
GS__1579,٤Gf,0.0414901414586012,"(2864, 1343)",77.76,59.51525161111111,36.33891419444445
GS__1579,D~,0.2273191903211534,"(3014, 2212)",91.26,59.51525161111111,36.33891419444445
GS__1580,7,0.0489059564140967,"(1656, 2511)",329.04,59.515208888888885,36.33879969444445
GS__1581,٤CB٥,0.016352979466319,"(2810, 1325)",72.9,59.515187805555556,36.338695111111114
GS__1581,",",0.0234012800953407,"(1642, 2486)",327.78,59.515187805555556,36.338695111111114
GS__1582,ال~5,0.1356163024902343,"(3028, 2210)",92.52,59.51515861111111,36.33860819444445
GS__1582,ECI,0.0262833355735008,"(2777, 1350)",69.93,59.51515861111111,36.33860819444445
GS__1583,9٢٢٤,0.206070601940155,"(3305, 1467)",117.45,59.515139,36.3385085
GS__1583,Dr /,0.0538640275940426,"(3025, 2210)",92.25,59.515139,36.3385085
GS__1585,٠٢٩٥١,0.4606811986843197,"(2960, 1514)",86.39999999999999,59.51532311111111,36.33841480555556
GS__1585,٢/,0.1463951720659824,"(2990, 2223)",89.1,59.51532311111111,36.33841480555556
GS__1585,,0.0,"(2364, 2353)",32.76,59.51532311111111,36.33841480555556
GS__1586,٧ ؟٤,0.0801267388122846,"(2159, 852)",14.31,59.51548230555556,36.338384500000004
GS__1586,ن7,0.1754210745882352,"(1642, 2474)",327.78,59.51548230555556,36.338384500000004
GS__1586,/,0.5752261069141618,"(3605, 2224)",144.45,59.51548230555556,36.338384500000004
GS__1587,گ,0.6209905740468145,"(3577, 2205)",141.93,59.51561788888889,36.338357305555554
GS__1587,-,0.343650145237703,"(1646, 2490)",328.14,59.51561788888889,36.338357305555554
GS__1587,,0.0,"(2521, 2377)",46.89,59.51561788888889,36.338357305555554
GS__1588,,0.0,"(1655, 2531)",328.95,59.51574080555555,36.33833338888889
GS__1588,,0.0,"(2546, 2389)",49.14,59.51574080555555,36.33833338888889
GS__1589,,0.0,"(1671, 2545)",330.39,59.515883305555555,36.338307694444445
GS__1589,,0.0,"(2599, 2407)",53.91,59.515883305555555,36.338307694444445
GS__1590,1,0.1585433078032716,"(4034, 1398)",183.06,59.51602119444444,36.33827880555556
GS__1591,;,0.0308671995917111,"(1644, 2484)",327.96,59.516165388888886,36.33825538888889
GS__1591,ش٤٥٥5,0.159771702270102,"(1892, 1589)",350.28,59.516165388888886,36.33825538888889
GS__1591,,0.0,"(2479, 2389)",43.11,59.516165388888886,36.33825538888889
GS__1592,,0.0,"(3568, 2223)",141.12,59.51631311111111,36.338231111111114
GS__1592,7,0.080453034355906,"(1640, 2477)",327.6,59.51631311111111,36.338231111111114
GS__1592,=,0.2768883808556808,"(2481, 2376)",43.29,59.51631311111111,36.338231111111114
GS__1593,,0.0,"(3723, 2228)",155.07000000000002,59.51645419444444,36.338205
GS__1593,7,0.3604903602347384,"(1640, 2483)",327.6,59.51645419444444,36.338205
GS__1593,,0.0,"(2523, 2382)",47.07,59.51645419444444,36.338205
GS__1594,٤YPW٩,0.035839662310065,"(5451, 1656)",310.59000000000003,59.51658838888889,36.33817938888889
GS__1594,,0.0,"(2479, 2364)",43.11,59.51658838888889,36.33817938888889
GS__1594,7,0.406467109812695,"(1624, 2443)",326.16,59.51658838888889,36.33817938888889
GS__1594,T557,0.0255169589072465,"(647, 1655)",238.23,59.51658838888889,36.33817938888889
GS__1594,٥٣ب٥٢,0.1583909515074151,"(5104, 1772)",279.36,59.51658838888889,36.33817938888889
GS__1595,7,0.2902218840616264,"(1635, 2495)",327.15,59.5167169,36.3381435
GS__1595,,0.0,"(2517, 2387)",46.53,59.5167169,36.3381435
GS__1596,=?7?,0.1350018233060836,"(2231, 1345)",20.790000000000003,59.5168828,36.33810530555556
GS__1596,EP,0.004472010461192,"(2877, 1491)",78.93,59.5168828,36.33810530555556
GS__1596,٦,0.735373439988507,"(2078, 692)",7.02,59.5168828,36.33810530555556
GS__1597,آآد,0.205080032237979,"(3613, 1602)",145.17,59.517024,36.33808038888889
GS__1598,تم,0.2335954313229203,"(2877, 1464)",78.93,59.5171761,36.33805988888889
GS__1598,,0.0,"(2494, 2380)",44.46,59.5171761,36.33805988888889
GS__1599,َِمٍّ ,0.0134990058719138,"(594, 994)",233.46,59.5173126,36.33803119444445
GS__1599,آنیشآ,0.2747841575555966,"(2283, 1552)",25.47,59.5173126,36.33803119444445
GS__1599,؟٦٥,0.2496566529211864,"(1977, 1572)",357.93,59.5173126,36.33803119444445
GS__1599,5,0.9202108266217692,"(1662, 2526)",329.58,59.5173126,36.33803119444445
GS__1599,,0.0,"(2578, 2394)",52.02,59.5173126,36.33803119444445
GS__1600,7,0.0976154995761504,"(1635, 2492)",327.15,59.517463299999996,36.33799880555556
GS__1600,/,0.4615555641408697,"(3665, 2218)",149.85,59.517463299999996,36.33799880555556
GS__1600,,0.0,"(2493, 2390)",44.37,59.517463299999996,36.33799880555556
GS__1601,7,0.5047723086295832,"(1647, 2495)",328.23,59.5176046,36.337973500000004
GS__1601,/,0.7192883820416149,"(3698, 2222)",152.82,59.5176046,36.337973500000004
GS__1601,,0.0,"(2509, 2391)",45.81,59.5176046,36.337973500000004
GS__1602,٠٤١٥5,0.0046266698345571,"(1565, 695)",320.85,59.5177537,36.33794838888889
GS__1602,؟,0.1338414262952989,"(5277, 872)",294.93,59.5177537,36.33794838888889
GS__1602,,0.0,"(2488, 2365)",43.92,59.5177537,36.33794838888889
GS__1603,ج,0.0110907517193075,"(5456, 1091)",311.04,59.5179105,36.33792238888889
GS__1603,,0.0,"(1617, 2463)",325.53,59.5179105,36.33792238888889
GS__1604,5,0.1132462227532551,"(1635, 2461)",327.15,59.5180962,36.337886194444444
GS__1605,رنبان دربابی,0.5357509506218555,"(3912, 1329)",172.07999999999998,59.5182385,36.3378555
GS__1606,م٤٨٨٥,0.1241185218206023,"(2400, 1305)",36.0,59.5183602,36.33783488888889
GS__1606,7,0.2540762133838861,"(1624, 2481)",326.16,59.5183602,36.33783488888889
GS__1606,,0.0,"(2505, 2380)",45.45,59.5183602,36.33783488888889
GS__1607,؟٢ مإرئت,0.0233711341479166,"(2459, 1305)",41.31,59.518448,36.33781730555556
GS__1607,E»٥,0.0378591828260895,"(2247, 1318)",22.23,59.518448,36.33781730555556
GS__1607,٩١٥٦ م ٤٦٩,0.8595144181145072,"(2832, 1625)",74.88,59.518448,36.33781730555556
GS__1607,,0.0,"(2525, 2397)",47.25,59.518448,36.33781730555556
GS__1608,9گا مارلن ,0.0542910315182768,"(2155, 1244)",13.95,59.518535299999996,36.33779861111111
GS__1608,زیبایئ  خودرو مانتل,0.1264348900734363,"(4646, 1352)",238.14,59.518535299999996,36.33779861111111
GS__1608,درانک بن,0.1158497830736544,"(4571, 1431)",231.39,59.518535299999996,36.33779861111111
GS__1608,٥٥٨٢؟٦٤٩٥,0.1553633302833242,"(2983, 1489)",88.47,59.518535299999996,36.33779861111111
GS__1608,ش٦٠٦,0.0211907621512848,"(2323, 1234)",29.07,59.518535299999996,36.33779861111111
GS__1609,٨٢ ٤٩٢٦١٥,0.0814649283211081,"(3048, 1460)",94.32,59.5186567,36.33776830555556
GS__1609,زیبایی   خودرو,0.7213526410530838,"(5325, 1482)",299.25,59.5186567,36.33776830555556
GS__1609,مانت,0.8754949533252908,"(5259, 1474)",293.31,59.5186567,36.33776830555556
GS__1609,٥٧٥٢٥,0.584643902913667,"(2330, 1629)",29.700000000000003,59.5186567,36.33776830555556
GS__1610,٤L٥١٢,0.0234923258010527,"(2999, 1415)",89.91,59.5187946,36.337741111111114
GS__1611,ن,0.9704265333392784,"(1966, 1223)",356.94,59.518941,36.337721388888895
GS__1611,,0.0,"(2475, 2370)",42.75,59.518941,36.337721388888895
GS__1611,اکسپرس,0.9925421404941414,"(1883, 1230)",349.47,59.518941,36.337721388888895
GS__1612,٦٢ ٩١٥ ٢ ٦٦٩,0.7574594700749742,"(3001, 1536)",90.09,59.5190625,36.33769980555556
GS__1612,,0.0,"(2501, 2366)",45.09,59.5190625,36.33769980555556
GS__1612,,0.0,"(1610, 2470)",324.9,59.5190625,36.33769980555556
GS__1613,٩٨٥٢٢م ٦٤٦٩،,0.1940862191901798,"(3050, 1491)",94.5,59.5191642,36.337680500000005
GS__1613,7,0.4325511817623919,"(1633, 2452)",326.97,59.5191642,36.337680500000005
GS__1614,٩٦٥٦٤ م ٤٦٩,0.2478499612496123,"(3055, 1534)",94.95,59.5192817,36.33766011111111
GS__1614,عذ ك08,0.0777693573788542,"(1873, 1248)",348.57,59.5192817,36.33766011111111
GS__1615,08,0.980850864220772,"(996, 1354)",269.64,59.519387699999996,36.33763869444444
GS__1615,،٤٥٩٢٥٢٢,0.2106113420357693,"(3026, 1496)",92.34,59.519387699999996,36.33763869444444
GS__1615,Dr,0.0106243207603931,"(2969, 2218)",87.21,59.519387699999996,36.33763869444444
GS__1616,٩١٧١٢ ٢ ٦٤٩,0.1475303687651253,"(3008, 1509)",90.72,59.51953019444444,36.337613194444444
GS__1616,ا9ات,0.346440851688385,"(1520, 1336)",316.8,59.51953019444444,36.337613194444444
GS__1617,7,0.1045670837869048,"(1622, 2465)",325.98,59.5196525,36.3375915
GS__1618,>rل/,0.0176993645727634,"(2989, 2215)",89.01,59.51979980555556,36.33756638888889
GS__1618,7,0.5637431747462109,"(1619, 2441)",325.71,59.51979980555556,36.33756638888889
GS__1618,<,0.4361599306645622,"(3548, 2242)",139.32,59.51979980555556,36.33756638888889
GS__1619,,0.0,"(2483, 2372)",43.47,59.51992930555556,36.33753961111111
GS__1620,ا٥,0.5912047981962755,"(1149, 1453)",283.41,59.520034305555555,36.33752011111111
GS__1620,7,0.2791245569285685,"(1633, 2475)",326.97,59.520034305555555,36.33752011111111
GS__1620,7,0.5062257882910934,"(3645, 2228)",148.05,59.520034305555555,36.33752011111111
GS__1620,,0.0,"(2504, 2377)",45.36,59.520034305555555,36.33752011111111
GS__1621,٩٧٧٧٢ ٢ ٦٤٤,0.2165039885156144,"(2832, 1527)",74.88,59.52013980555555,36.33750169444445
GS__1622,ترعتان قه,0.0105310592469672,"(3032, 1027)",92.88,59.52027061111111,36.3374785
GS__1623,,0.0,"(3116, 850)",100.44,59.520385,36.3374565
GS__1623,٤٢٩١٥٨٢,0.2049907069806388,"(2814, 1523)",73.25999999999999,59.520385,36.3374565
GS__1623,تروءقا& 3چن,0.0029995608152661,"(3113, 903)",100.17,59.520385,36.3374565
GS__1624,,0.0,"(3413, 722)",127.17,59.52047730555555,36.33744219444445
GS__1624,ترو ءاشاغا3ان,0.009872105718899,"(3397, 778)",125.73,59.52047730555555,36.33744219444445
GS__1624,٥ذم,0.0728341092594096,"(2933, 1465)",83.97,59.52047730555555,36.33744219444445
GS__1625,ع٦٧,0.0429505385198293,"(2882, 1428)",79.38,59.520597305555555,36.33743011111111
GS__1625,0,0.1593539716477474,"(3677, 541)",150.93,59.520597305555555,36.33743011111111
GS__1625,"رویعتاناذین ,",0.0068517063457406,"(3641, 589)",147.69,59.520597305555555,36.33743011111111
GS__1626,/,0.6288186280589549,"(3664, 2234)",149.76,59.520729805555554,36.337409111111114
GS__1626,,0.0,"(2497, 2372)",44.73,59.520729805555554,36.337409111111114
GS__1627,!٢ ,0.0158635487790039,"(762, 1516)",248.58,59.520896888888885,36.33737680555556
GS__1628,,0.0,"(1646, 2506)",328.14,59.52101161111111,36.33734838888889
GS__1628,,0.0,"(2528, 2390)",47.52,59.52101161111111,36.33734838888889
GS__1629,Dr,0.0519309406918558,"(2989, 2214)",89.01,59.521131,36.33732888888889
GS__1630,وعم,0.0063715694073775,"(3228, 1497)",110.52,59.52128688888889,36.337305111111114
GS__1630,7,0.6436101755746826,"(1644, 2502)",327.96,59.52128688888889,36.337305111111114
GS__1631,اٰٰ ار,0.2677261819137311,"(3309, 1248)",117.81,59.521414694444445,36.337284611111116
GS__1631,,0.0,"(1631, 2461)",326.79,59.521414694444445,36.337284611111116
GS__1631,,0.0,"(2542, 2359)",48.78,59.521414694444445,36.337284611111116
GS__1632,gکأفه ا,0.5519536367191945,"(3802, 1250)",162.18,59.5215125,36.337265
GS__1632,ضزل,0.665490448474884,"(1568, 1419)",321.12,59.5215125,36.337265
GS__1632,؟نن ,0.0516957176305794,"(1647, 1442)",328.23,59.5215125,36.337265
GS__1632,رذ #ا,0.1319805006939282,"(1581, 1455)",322.29,59.5215125,36.337265
GS__1632,بزیغ بیبر,0.1558913174774089,"(1579, 1480)",322.11,59.5215125,36.337265
GS__1632,٦٢٥٦٤ ٦٨١,0.0774552159660877,"(2850, 1489)",76.5,59.5215125,36.337265
GS__1632,,0.0,"(1649, 2497)",328.41,59.5215125,36.337265
GS__1632,دررغنرا,0.0818723834817387,"(1603, 1381)",324.27,59.5215125,36.337265
GS__1632,٤٢٥٢٧٢,0.2953343110157873,"(5189, 1774)",287.01,59.5215125,36.337265
GS__1632,,0.0,"(2518, 2380)",46.620000000000005,59.5215125,36.337265
GS__1634,,0.0,"(4543, 672)",228.87,59.5202535,36.33813311111111
GS__1634,,0.0,"(1638, 2475)",327.42,59.5202535,36.33813311111111
GS__1636,١١١١١١١٢,0.2488015679990649,"(3777, 1340)",159.92999999999998,59.520015694444446,36.338181194444445
GS__1637,ذيغ ملی,0.026146848050915,"(1546, 1264)",319.14,59.51988188888889,36.33821719444445
GS__1637,كلار3,0.0388483799623146,"(1531, 1298)",317.79,59.51988188888889,36.33821719444445
GS__1640,٤٧٧٣٩٥١٠,0.0017013913821637,"(2882, 1444)",79.38,59.51951230555555,36.338283000000004
GS__1643,Deps,0.1292069405317306,"(2108, 1246)",9.72,59.5192311,36.3383265
GS__1644,رباریت پامچال,0.2827608293740433,"(1608, 1230)",324.72,59.5191255,36.338346694444446
GS__1644,peesi,0.6821968986900226,"(1310, 1267)",297.9,59.5191255,36.338346694444446
GS__1644,آن بوتین,0.2286129853351941,"(1609, 1472)",324.81,59.5191255,36.338346694444446
GS__1645,قنpزیک,0.037180608049017,"(521, 1534)",226.89,59.5189924,36.33837030555556
GS__1645,,0.0,"(1646, 2456)",328.14,59.5189924,36.33837030555556
GS__1645,3E09960|,0.0505538107823994,"(960, 1342)",266.4,59.5189924,36.33837030555556
GS__1645,7,0.0572201953680731,"(2442, 2377)",39.78,59.5189924,36.33837030555556
GS__1646,7,0.0390636672159558,"(1635, 2470)",327.15,59.5189032,36.338387194444444
GS__1647,;,0.0387758285240791,"(1631, 2463)",326.79,59.5188043,36.338403694444445
GS__1648,٤٤,0.9673231866094566,"(3863, 1300)",167.67,59.5186609,36.3384305
GS__1649,,0.0,"(1637, 2456)",327.33,59.5185095,36.33845961111111
GS__1649,٢٦ ٢,0.2761221826076507,"(3857, 1411)",167.13,59.5185095,36.33845961111111
GS__1649,,0.0,"(2465, 2371)",41.85,59.5185095,36.33845961111111
GS__1650,7,0.6183738072893483,"(1647, 2497)",328.23,59.5183551,36.3384845
GS__1651,٥,0.2727191606951784,"(3566, 1302)",140.94,59.518205,36.33851219444445
GS__1651,:,0.1955798023138868,"(3563, 1358)",140.67,59.518205,36.33851219444445
GS__1651,Dr,0.0454007627785568,"(2987, 2213)",88.83,59.518205,36.33851219444445
GS__1652,ّ,0.0213675915506996,"(4891, 1489)",260.19,59.5180426,36.33854180555556
GS__1652,;0,0.3527658849793707,"(5735, 1629)",336.15,59.5180426,36.33854180555556
GS__1652,٨ ٥٢٢ ٠ ٠٦٤٢,0.0156226944323919,"(5726, 1655)",335.34,59.5180426,36.33854180555556
GS__1652,,0.0,"(1647, 2483)",328.23,59.5180426,36.33854180555556
GS__1652,,0.0,"(2498, 2384)",44.82,59.5180426,36.33854180555556
GS__1653,تآئ٥ ط ٤Vء,0.030342389135558,"(146, 1770)",193.14,59.5178799,36.33857430555556
GS__1654,٥٢٢١٥,0.2190948382032777,"(182, 1750)",196.38,59.517737499999996,36.33860061111111
GS__1655,٠٠V٥ طIت,0.0096880115735192,"(53, 1740)",184.77,59.5175847,36.338621611111115
GS__1655,,0.0,"(1633, 2450)",326.97,59.5175847,36.338621611111115
GS__1656,- Eتثآ٥ طن,0.0342242693278412,"(416, 1799)",217.44,59.5172546,36.338683
GS__1657,٣٥ا,0.1132051992696663,"(1403, 902)",306.27,59.5171527,36.33869861111111
GS__1657,٧، ٥٩٧٣٣٤,0.0087660076957462,"(2951, 1498)",85.58999999999999,59.5171527,36.33869861111111
GS__1657,;,0.3011305999950799,"(1640, 2457)",327.6,59.5171527,36.33869861111111
GS__1657,EY٥٥ط,0.1043548700509161,"(861, 1912)",257.49,59.5171527,36.33869861111111
GS__1658,کرو ساخماتی,0.1857227574453985,"(1207, 912)",288.63,59.5170279,36.338716000000005
GS__1658,٥ب~0,0.0875092074275016,"(1128, 929)",281.52,59.5170279,36.338716000000005
GS__1659,شش٥,0.031740828315897,"(871, 1915)",258.39,59.5169061,36.338738694444444
GS__1659,ط٢٤٧,0.8675630688667297,"(807, 1951)",252.63,59.5169061,36.338738694444444
GS__1660,F٤V٥طVI,0.037414494253559,"(292, 1820)",206.28,59.5167899,36.338758500000004
GS__1661,R,0.9297845538297942,"(4139, 1458)",192.51,59.516666799999996,36.338779888888894
GS__1661,^,0.822811958682351,"(4130, 1505)",191.7,59.516666799999996,36.338779888888894
GS__1661,ط ٤٤٧,0.683596013026475,"(312, 1876)",208.08,59.516666799999996,36.338779888888894
GS__1661,7,0.136082263484405,"(1649, 2481)",328.41,59.516666799999996,36.338779888888894
GS__1661,ث٥٧٢٥,0.068931039106386,"(379, 1862)",214.11,59.516666799999996,36.338779888888894
GS__1661,=,0.469235945550853,"(2503, 2382)",45.27,59.516666799999996,36.338779888888894
GS__1662,,0.0,"(2545, 2404)",49.05,59.516530305555555,36.33880219444445
GS__1663,=,0.2968695026116599,"(1649, 2504)",328.41,59.516390694444446,36.338824888888894
GS__1663,,0.0,"(2541, 2388)",48.690000000000005,59.516390694444446,36.338824888888894
GS__1665,7,0.2500461361234016,"(1651, 2474)",328.59000000000003,59.51593030555556,36.338907
GS__1665,,0.0,"(2501, 2379)",45.09,59.51593030555556,36.338907
GS__1666,,0.0,"(1631, 2447)",326.79,59.51575669444444,36.338943
GS__1666,,0.0,"(2470, 2361)",42.3,59.51575669444444,36.338943
GS__1667,٨٢٥8٦fآ,0.0713406095388299,"(3658, 1559)",149.22,59.51559311111111,36.33897319444445
GS__1667,,0.0,"(1635, 2452)",327.15,59.51559311111111,36.33897319444445
GS__1667,7,0.3180234704396447,"(3632, 2242)",146.88,59.51559311111111,36.33897319444445
GS__1667,,0.0,"(2476, 2364)",42.84,59.51559311111111,36.33897319444445
GS__1668,٩١٥٢٢ ٥ ٤٩؛,0.1637799019373342,"(2978, 1563)",88.02,59.515450305555554,36.33899688888889
GS__1668,,0.0,"(2507, 2395)",45.63,59.515450305555554,36.33899688888889
GS__1669,",",0.0587733171271063,"(1651, 2508)",328.59000000000003,59.51534569444444,36.339020000000005
GS__1669,,0.0,"(2553, 2388)",49.77,59.51534569444444,36.339020000000005
GS__1670,،٦٩٢٩٨٥٤٦,0.1401108237669144,"(2936, 1532)",84.24000000000001,59.515194111111114,36.33905130555556
GS__1670,7,0.2926175523757734,"(1635, 2465)",327.15,59.515194111111114,36.33905130555556
GS__1671,ر؟أنللاي-,0.0939876285261955,"(1750, 1327)",337.5,59.51506111111111,36.339072
GS__1671,شلتذن[,0.0724905053228575,"(3806, 1597)",162.54,59.51506111111111,36.339072
GS__1671,,0.0,"(1626, 2481)",326.34000000000003,59.51506111111111,36.339072
GS__1672,باللاي ؤز,0.2197418224489218,"(771, 1425)",249.39,59.5149115,36.33909480555556
GS__1672,٥٥٥8,0.0304449070245027,"(5202, 1669)",288.18,59.5149115,36.33909480555556
GS__1674,:/:':|:,0.3873787249300568,"(1496, 1412)",314.64,59.514567,36.33914911111111
GS__1674,>,0.0935721343393289,"(1635, 2484)",327.15,59.514567,36.33914911111111
GS__1674,٥٧؟٧٥٧٥{,0.0059967916706105,"(2124, 704)",11.16,59.514567,36.33914911111111
GS__1674,=,0.2392145335845761,"(2499, 2378)",44.91,59.514567,36.33914911111111
GS__1675,5,0.073764233208351,"(1626, 2447)",326.34000000000003,59.51438288888889,36.33918119444445
GS__1676,٦,0.1118081114862059,"(4450, 893)",220.50000000000003,59.51425280555556,36.339203000000005
GS__1677,8,0.0070637900207515,"(1649, 2475)",328.41,59.51409911111111,36.339227694444446
GS__1678,7,0.2483719654877711,"(1638, 2470)",327.42,59.513950111111114,36.339250694444445
GS__1678,=,0.2956000756078083,"(2496, 2375)",44.64,59.513950111111114,36.339250694444445
GS__1679,٢٦٠٤٥٦٠٤,0.3851795375182752,"(1811, 1273)",342.99,59.51380069444444,36.339273694444444
GS__1679,حعدزادد,0.729920590754552,"(1811, 1300)",342.99,59.51380069444444,36.339273694444444
GS__1679,بابا,0.603625960352668,"(1921, 1293)",352.89,59.51380069444444,36.339273694444444
GS__1679,0f8,0.0121953044026998,"(1568, 1401)",321.12,59.51380069444444,36.339273694444444
GS__1679,هاییرعلی بابا,0.5060540848983672,"(1714, 1412)",334.26,59.51380069444444,36.339273694444444
GS__1679,٤٧٣ د ٦٢٤,0.0422829956595852,"(3406, 1561)",126.54,59.51380069444444,36.339273694444444
GS__1679,7,0.0183448955903173,"(1651, 2506)",328.59000000000003,59.51380069444444,36.339273694444444
GS__1679,خ,0.1881400480372699,"(2552, 2387)",49.68000000000001,59.51380069444444,36.339273694444444
GS__1680,L@,0.0976779393433502,"(1115, 1280)",280.35,59.513691305555554,36.33929861111111
GS__1680,شاچد علیبابا,0.1887932917860957,"(1139, 1360)",282.51,59.513691305555554,36.33929861111111
GS__1680,مایپرعلی بابا,0.7144402889128139,"(697, 1509)",242.73,59.513691305555554,36.33929861111111
GS__1680,آ٩٥م ٥٦٩,0.0849302804895707,"(3514, 1607)",136.26,59.513691305555554,36.33929861111111
GS__1680,٢٢٠٤٥٩٩٤,0.4037269349192275,"(669, 1404)",240.21,59.513691305555554,36.33929861111111
GS__1680,مش,0.1713704344594726,"(1930, 1558)",353.7,59.513691305555554,36.33929861111111
GS__1681,E,0.1523484019366527,"(1651, 2418)",328.59000000000003,59.51365111111111,36.339380000000006
GS__1682,0ار5,0.2915060818195343,"(3600, 1185)",144.0,59.51368030555555,36.33951619444445
GS__1682,عابربانک  قبوِء,0.0329292604426357,"(3622, 1257)",145.98000000000002,59.51368030555555,36.33951619444445
GS__1682,جلوبنىى,0.3163147549402618,"(4592, 1266)",233.28,59.51368030555555,36.33951619444445
GS__1682,صتحع,0.1122138872742652,"(4547, 1294)",229.23,59.51368030555555,36.33951619444445
GS__1682,٥١٧ ٤,0.2475759938551991,"(1788, 1395)",340.92,59.51368030555555,36.33951619444445
GS__1682,ر,0.3093902973923832,"(1651, 2533)",328.59000000000003,59.51368030555555,36.33951619444445
GS__1682,افی,0.2713565282276479,"(4481, 1258)",223.29,59.51368030555555,36.33951619444445
GS__1683,وبخاری,0.0989429123650413,"(3793, 1257)",161.37,59.51372238888889,36.33965588888889
GS__1683,ررأیکتن ,0.0277123881504916,"(4551, 1262)",229.59,59.51372238888889,36.33965588888889
GS__1683,اشذثاذن,0.0181188984034994,"(3779, 1282)",160.11,59.51372238888889,36.33965588888889
GS__1683,Seren ؟,0.6936240721305874,"(4311, 1318)",207.99,59.51372238888889,36.33965588888889
GS__1683,IU5؟,0.071773923933506,"(1109, 1426)",279.81,59.51372238888889,36.33965588888889
GS__1683,م06@(,0.1928149337680065,"(4567, 1161)",231.03000000000003,59.51372238888889,36.33965588888889
GS__1683,0ارکق,0.3411968117574831,"(4813, 1224)",253.17,59.51372238888889,36.33965588888889
GS__1683,قنظیوم,0.2857953154557049,"(3913, 1260)",172.17000000000002,59.51372238888889,36.33965588888889
GS__1683,0915E0062E,0.1945409497467986,"(4690, 1245)",242.1,59.51372238888889,36.33965588888889
GS__1683,/من کارت ,0.3811117146861514,"(4621, 1274)",235.89,59.51372238888889,36.33965588888889
GS__1683, کامل /,0.5677242631189875,"(4677, 1283)",240.93,59.51372238888889,36.33965588888889
GS__1683,عابربائگ / قهوه اسپرسو پروتئینی,0.3906953567931844,"(4789, 1308)",251.01,59.51372238888889,36.33965588888889
GS__1683,Mبe,0.3264566275170349,"(4402, 1330)",216.18,59.51372238888889,36.33965588888889
GS__1684,لهانا تآم,0.0346410090581907,"(4000, 1147)",180.0,59.51376338888889,36.339795305555555
GS__1684,الو سرویس وض,0.5638941107776221,"(3817, 1233)",163.53,59.51376338888889,36.339795305555555
GS__1684,گلاسمی,0.3995748068122772,"(4101, 1207)",189.09,59.51376338888889,36.339795305555555
GS__1684,روغن اتومنيل داى ابرانى وخارج,0.3324350320705298,"(3784, 1266)",160.56,59.51376338888889,36.339795305555555
GS__1684,UB0ق,0.0116059584543108,"(4009, 1275)",180.81,59.51376338888889,36.339795305555555
GS__1684,٠٥٠٢ ٥,0.4025090986930515,"(3748, 1293)",157.32,59.51376338888889,36.339795305555555
GS__1684,اتومان,0.6747288395953318,"(3829, 1289)",164.61,59.51376338888889,36.339795305555555
GS__1684,٠_ ٥٥٤,0.0665090700181932,"(4151, 1361)",193.59,59.51376338888889,36.339795305555555
GS__1684,T90إ,0.0080446619540452,"(5049, 1341)",274.41,59.51376338888889,36.339795305555555
GS__1684,ذربر قجم غرتجادی,0.0113150013011819,"(5083, 1386)",277.47,59.51376338888889,36.339795305555555
GS__1684,گیربک,0.4678686670050943,"(3884, 1287)",169.56,59.51376338888889,36.339795305555555
GS__1685,كث لذدذئو دادادولی,0.0069429296770906,"(2880, 1251)",79.2,59.51383669444444,36.33990438888889
GS__1685,تربكی آءعان,0.0723552232599502,"(4207, 1255)",198.63,59.51383669444444,36.33990438888889
GS__1685,اتو س رویس وج,0.1043362691421531,"(4399, 1243)",215.91,59.51383669444444,36.33990438888889
GS__1685,٤ ٤٦٤٦ ٥٢٦ ٠٩٧٥,0.5959857545508038,"(2909, 1275)",81.81,59.51383669444444,36.33990438888889
GS__1685,روغن اتومیسل شای ثراتی وخارحی,0.124858055291722,"(4380, 1283)",214.2,59.51383669444444,36.33990438888889
GS__1685,تَفرَّها,0.0020446741154727,"(4659, 1316)",239.31,59.51383669444444,36.33990438888889
GS__1685,م,0.0090536064094246,"(4380, 1413)",214.2,59.51383669444444,36.33990438888889
GS__1685,7,0.5704157628277109,"(1608, 2416)",324.72,59.51383669444444,36.33990438888889
GS__1685,سالنلا,0.0571334333325548,"(4636, 1267)",237.24,59.51383669444444,36.33990438888889
GS__1686,هتین,0.7425640821456909,"(3687, 1217)",151.83,59.51396288888889,36.3398915
GS__1686,,0.0,"(1694, 2550)",332.46,59.51396288888889,36.3398915
GS__1686,لیس اءمان,0.0932449490534905,"(4204, 1216)",198.36,59.51396288888889,36.3398915
GS__1686,لمق,0.2933480546536201,"(1297, 1267)",296.73,59.51396288888889,36.3398915
GS__1686,ثنن,0.0642495669341424,"(1301, 1348)",297.09000000000003,59.51396288888889,36.3398915
GS__1686,ذتا آ ٨اء,0.0147061668681983,"(1205, 1374)",288.45,59.51396288888889,36.3398915
GS__1686,,0.0,"(2614, 2394)",55.26,59.51396288888889,36.3398915
GS__1687,٥0,0.2698597880868861,"(1804, 1460)",342.36,59.514070305555556,36.3398705
GS__1687,IقL,0.2598427099806473,"(4134, 1666)",192.06,59.514070305555556,36.3398705
GS__1687,=,0.0602433495221268,"(2533, 2373)",47.970000000000006,59.514070305555556,36.3398705
GS__1688,,0.0,"(1646, 2515)",328.14,59.51421061111111,36.33984369444445
GS__1688,,0.0,"(2524, 2399)",47.16,59.51421061111111,36.33984369444445
GS__1689,7,0.2011290265983554,"(1644, 2479)",327.96,59.51433611111111,36.339823611111115
GS__1689,/,0.4646364606485385,"(3710, 2228)",153.9,59.51433611111111,36.339823611111115
GS__1690,٥٢7ب٠١٦,0.0179397002447356,"(2119, 1503)",10.71,59.51449111111111,36.33979569444445
GS__1690,;,0.0222432375136492,"(1640, 2486)",327.6,59.51449111111111,36.33979569444445
GS__1690,0413,0.1963882604845215,"(3538, 1006)",138.42000000000002,59.51449111111111,36.33979569444445
GS__1690,,0.0,"(2532, 2376)",47.88,59.51449111111111,36.33979569444445
GS__1691,,0.0,"(2526, 2386)",47.34,59.514617305555554,36.33976880555556
GS__1692,کررجا |,0.0772140817565511,"(3507, 1343)",135.63,59.51474688888889,36.3397445
GS__1692,٨٨١١,0.114661194384098,"(3510, 1365)",135.9,59.51474688888889,36.3397445
GS__1692,,0.0,"(2463, 2371)",41.67,59.51474688888889,36.3397445
GS__1693,؟٤؟٦٨٥٢٩,0.3293541612166569,"(2321, 1539)",28.89,59.514907388888886,36.33971419444445
GS__1693,7,0.6297188821518809,"(1633, 2499)",326.97,59.514907388888886,36.33971419444445
GS__1693,,0.0,"(2570, 2372)",51.3,59.514907388888886,36.33971419444445
GS__1694,؟0,0.0726756508662375,"(1147, 1399)",283.23,59.515062,36.33968711111111
GS__1694,گروه ساختمانی,0.922318430857252,"(4688, 1426)",241.92,59.515062,36.33968711111111
GS__1694,الم,0.121383212506771,"(1145, 1489)",283.05,59.515062,36.33968711111111
GS__1694,20؟4,0.0059123979881405,"(1262, 1521)",293.58,59.515062,36.33968711111111
GS__1694,7,0.0763542139936568,"(1633, 2454)",326.97,59.515062,36.33968711111111
GS__1694,??,0.132652237897011,"(1261, 1387)",293.49,59.515062,36.33968711111111
GS__1694,42575,0.0296744652890652,"(1153, 1528)",283.77,59.515062,36.33968711111111
GS__1694,7,0.0425040628511261,"(2446, 2374)",40.14,59.515062,36.33968711111111
GS__1695,,0.0,"(5341, 1239)",300.69,59.51520580555555,36.33966711111111
GS__1695,5^,0.0784306481564334,"(2992, 2213)",89.28,59.51520580555555,36.33966711111111
GS__1696,أر7,0.0021793081113853,"(1314, 1329)",298.26,59.5153485,36.3396465
GS__1696,تسم,0.1947829565983463,"(2974, 1434)",87.66,59.5153485,36.3396465
GS__1696,٣٤ ٦٢٤٥٧٢,0.1345881982667024,"(5609, 1795)",324.81,59.5153485,36.3396465
GS__1696,7,0.3836182168252868,"(1642, 2483)",327.78,59.5153485,36.3396465
GS__1696,77,0.2768610455767578,"(3640, 2222)",147.6,59.5153485,36.3396465
GS__1696,=,0.2396987076926713,"(2495, 2385)",44.55,59.5153485,36.3396465
GS__1697,٨ ٥ ؟٣ و،,0.0010774941748742,"(2893, 1498)",80.37,59.51551388888889,36.339615611111114
GS__1697,HUقULII,0.0529361735792349,"(5534, 1685)",318.06,59.51551388888889,36.339615611111114
GS__1697,ح,0.1966959352203368,"(1671, 2502)",330.39,59.51551388888889,36.339615611111114
GS__1698,,0.0,"(2525, 2389)",47.25,59.515654194444444,36.33959880555556
GS__1699,T٥٧٢؛٣,0.0112159337801196,"(5475, 1788)",312.75,59.515872888888886,36.339557694444444
GS__1699,,0.0,"(3621, 2219)",145.89,59.515872888888886,36.339557694444444
GS__1699,7,0.1924727958370278,"(1647, 2481)",328.23,59.515872888888886,36.339557694444444
GS__1699,-,0.1605831347643525,"(2467, 2389)",42.03,59.515872888888886,36.339557694444444
GS__1700,7٨,0.0227239114074588,"(5591, 1746)",323.19,59.51601519444444,36.339527000000004
GS__1700,٠T٥٧٢ج٣,0.0364927674346334,"(5588, 1818)",322.92,59.51601519444444,36.339527000000004
GS__1700,;8,0.0238956411001221,"(1653, 2486)",328.77,59.51601519444444,36.339527000000004
GS__1700,,0.0,"(2497, 2387)",44.73,59.51601519444444,36.339527000000004
GS__1701,~,0.0019410790287534,"(1818, 1739)",343.62,59.51617588888889,36.339494111111115
GS__1701,{7,0.3927186322805535,"(5647, 1748)",328.23,59.51617588888889,36.339494111111115
GS__1701,٦٢٤٥٧٢,0.0496739853947316,"(5649, 1813)",328.41,59.51617588888889,36.339494111111115
GS__1702,(?٨,0.1133696803555887,"(5688, 1730)",331.92,59.51639138888889,36.339463111111115
GS__1702,٤؟٥٧٢ ج٦٣,0.2726586587943938,"(5688, 1808)",331.92,59.51639138888889,36.339463111111115
GS__1702,,0.0,"(1644, 2495)",327.96,59.51639138888889,36.339463111111115
GS__1702,,0.0,"(604, 861)",234.36,59.51639138888889,36.339463111111115
GS__1702,/,0.5419526662604426,"(3651, 2210)",148.59,59.51639138888889,36.339463111111115
GS__1702,-,0.271328314423247,"(2519, 2384)",46.71,59.51639138888889,36.339463111111115
GS__1703,٥٧٥٤ ٦٤,0.131810490402049,"(5692, 1791)",332.28000000000003,59.51656330555556,36.339436194444446
GS__1703,Dr,0.0439809195924882,"(3003, 2213)",90.27,59.51656330555556,36.339436194444446
GS__1704,(IR,0.0953993508777216,"(5512, 1770)",316.08,59.5167287,36.339405500000005
GS__1704,T٥؛,0.33276050420448,"(5505, 1849)",315.45,59.5167287,36.339405500000005
GS__1705,مر ,0.0148077061367465,"(2033, 789)",2.97,59.5168803,36.33937980555556
GS__1705,شنبتا,0.0473674388351461,"(5059, 1705)",275.31,59.5168803,36.33937980555556
GS__1705,مآ ',0.0688754767179489,"(5482, 1792)",313.38,59.5168803,36.33937980555556
GS__1705,٠٤٣٤٥٧,0.0619153327016653,"(5479, 1870)",313.11,59.5168803,36.33937980555556
GS__1705,51,0.1920824448567322,"(3025, 2212)",92.25,59.5168803,36.33937980555556
GS__1706,م,0.0902620885701708,"(4394, 1480)",215.46,59.5170214,36.33935511111111
GS__1706,,0.0,"(4387, 1570)",214.83,59.5170214,36.33935511111111
GS__1706,ق8,0.0654370932289539,"(4503, 1534)",225.27,59.5170214,36.33935511111111
GS__1706,(٨٨,0.3961531922347776,"(5427, 1764)",308.43,59.5170214,36.33935511111111
GS__1706,;,0.0603537370473115,"(1642, 2493)",327.78,59.5170214,36.33935511111111
GS__1706,,0.0,"(4433, 1527)",218.97,59.5170214,36.33935511111111
GS__1706,؟٥W ج-,0.0544133135625042,"(5421, 1843)",307.89,59.5170214,36.33935511111111
GS__1706,,0.0,"(2534, 2380)",48.06,59.5170214,36.33935511111111
GS__1707,٣,0.1103045069073624,"(4547, 1381)",229.23,59.5171541,36.33933338888889
GS__1707,م08,0.0165039966672533,"(5418, 1728)",307.62,59.5171541,36.33933338888889
GS__1707,T٥ج,0.2792881517656759,"(5415, 1801)",307.35,59.5171541,36.33933338888889
GS__1707,",",0.4053904249090578,"(1631, 2488)",326.79,59.5171541,36.33933338888889
GS__1708,٩٦٥٦٢م ٦٤٩,0.3950865342705625,"(3089, 1491)",98.01,59.517296,36.33930330555556
GS__1708,٦٤٢٤٥٢٢٤٤,0.5286076086917483,"(5712, 1752)",334.08000000000004,59.517296,36.33930330555556
GS__1709,عن رعاً,0.1468739388286639,"(1554, 1428)",319.86,59.517445099999996,36.33928111111111
GS__1709,٥٨,0.8633745028028134,"(2038, 1431)",3.42,59.517445099999996,36.33928111111111
GS__1709,3666680,0.1975758120097995,"(1547, 1472)",319.23,59.517445099999996,36.33928111111111
GS__1709,٩١٥٦٦ ٢ ٦٦٩,0.2706655288494972,"(3037, 1525)",93.33,59.517445099999996,36.33928111111111
GS__1709,-٣٤٥٧٢,0.0553596387118634,"(190, 1853)",197.1,59.517445099999996,36.33928111111111
GS__1709,,0.0,"(2487, 2384)",43.83,59.517445099999996,36.33928111111111
GS__1710,چ,0.0861149127434126,"(3591, 2205)",143.19,59.5175586,36.33925961111111
GS__1710,چ,0.3597335736345144,"(1631, 2499)",326.79,59.5175586,36.33925961111111
GS__1710,٠١١٥٤١٢٠٤٧,0.3348689195746011,"(4778, 1674)",250.02,59.5175586,36.33925961111111
GS__1710,,0.0,"(2498, 2391)",44.82,59.5175586,36.33925961111111
GS__1711,L٧Y,0.0499785828229339,"(4684, 1469)",241.56,59.5176484,36.33924430555556
GS__1711,٩١٥٦٢ ٤ ٦٦٩,0.2507970334200063,"(3059, 1545)",95.31,59.5176484,36.33924430555556
GS__1711,,0.0,"(2522, 2388)",46.98,59.5176484,36.33924430555556
GS__1712,٥٤٧٦٦,0.4047467352290768,"(2128, 1530)",11.52,59.5177639,36.33922561111111
GS__1712,,0.0,"(2486, 2360)",43.74,59.5177639,36.33922561111111
GS__1712,7,0.1093396525011627,"(1608, 2443)",324.72,59.5177639,36.33922561111111
GS__1713,,0.0,"(2495, 2370)",44.55,59.5178988,36.33920088888889
GS__1714,5/,0.0224232153136996,"(3023, 2214)",92.07,59.5180378,36.3391785
GS__1715,=,0.3929221776502665,"(2481, 2374)",43.29,59.518205,36.339149194444445
GS__1716,7,0.4330227432967923,"(1633, 2447)",326.97,59.5183697,36.3391235
GS__1717,7,0.8949752811559506,"(1622, 2474)",325.98,59.518510299999996,36.33909838888889
GS__1717,,0.0,"(2469, 2376)",42.21,59.518510299999996,36.33909838888889
GS__1718,7,0.2077615158668777,"(1626, 2466)",326.34000000000003,59.5186287,36.33907719444445
GS__1718,77,0.2342809257614108,"(3642, 2226)",147.78,59.5186287,36.33907719444445
GS__1718,ِ,0.0935904592005707,"(2497, 2378)",44.73,59.5186287,36.33907719444445
GS__1719,=,0.1738591715358985,"(1631, 2495)",326.79,59.5187522,36.33904830555556
GS__1719,7,0.4868565211154418,"(3649, 2212)",148.41,59.5187522,36.33904830555556
GS__1719,,0.0,"(2510, 2385)",45.9,59.5187522,36.33904830555556
GS__1720,آ٩٥٥,0.2947878539562225,"(3143, 1574)",102.87,59.5188379,36.33902730555556
GS__1720,,0.0,"(2544, 2388)",48.96,59.5188379,36.33902730555556
GS__1721,٥٩٩٥٦٢,0.3801812947038617,"(2900, 1521)",81.0,59.5189486,36.33900338888889
GS__1722,,0.0,"(1635, 2461)",327.15,59.5190669,36.338984
GS__1723,خ=,0.049109149721154,"(2454, 2379)",40.86,59.5191837,36.338966694444444
GS__1723,/,0.8397528289666667,"(3670, 2248)",150.29999999999998,59.5191837,36.338966694444444
GS__1724,D^,0.0381170658117539,"(3017, 2211)",91.53,59.5193451,36.33893988888889
GS__1724,,0.0,"(2490, 2381)",44.1,59.5193451,36.33893988888889
GS__1725,,0.0,"(1638, 2434)",327.42,59.51950111111111,36.338911111111116
GS__1725,7,0.6151327066666887,"(3655, 2251)",148.95,59.51950111111111,36.338911111111116
GS__1725,=,0.3171475097681195,"(2449, 2368)",40.41,59.51950111111111,36.338911111111116
GS__1726,,0.0,"(2468, 2367)",42.120000000000005,59.519633,36.338889111111115
GS__1726,7,0.1488695379051998,"(1615, 2443)",325.35,59.519633,36.338889111111115
GS__1726,7,0.1245448034530918,"(3650, 2252)",148.5,59.519633,36.338889111111115
GS__1727,<,0.5396638805987095,"(2985, 2216)",88.65,59.51981311111111,36.338857611111116
GS__1727,=,0.2911347276365319,"(2481, 2390)",43.29,59.51981311111111,36.338857611111116
GS__1728,7,0.5147859379030173,"(1635, 2468)",327.15,59.51999130555556,36.33882630555556
GS__1728,<,0.0954081991916986,"(3597, 2223)",143.73,59.51999130555556,36.33882630555556
GS__1729,7,0.4586797909505016,"(1617, 2450)",325.53,59.52016319444444,36.33879761111111
GS__1729,,0.0,"(3614, 2247)",145.26000000000002,59.52016319444444,36.33879761111111
GS__1729,=,0.1372547244871533,"(2454, 2365)",40.86,59.52016319444444,36.33879761111111
GS__1731,4,0.0464124503567833,"(2983, 2218)",88.47,59.52042738888889,36.33874319444445
GS__1731,=,0.08599068269476,"(2440, 2374)",39.6,59.52042738888889,36.33874319444445
GS__1732,<,0.1434781998332832,"(2956, 2216)",86.03999999999999,59.52060288888889,36.33870538888889
GS__1733,< 1,0.2436111271381378,"(2979, 2218)",88.11,59.520790194444444,36.33867688888889
GS__1734,,0.0,"(1604, 2425)",324.36,59.52095788888889,36.33865211111112
GS__1734,/,0.4857496304922826,"(3635, 2255)",147.15,59.52095788888889,36.33865211111112
GS__1735,٣,0.8683235686494619,"(5336, 949)",300.24,59.52110169444445,36.33862930555556
GS__1735,٩١٥٩٥٠٠٠٢٢,0.2759806992044851,"(4031, 1577)",182.79,59.52110169444445,36.33862930555556
GS__1735,<^,0.0399884767040573,"(2974, 2218)",87.66,59.52110169444445,36.33862930555556
GS__1736,چ,0.1588882656589909,"(1624, 2425)",326.16,59.52124530555555,36.33860288888889
GS__1736,7,0.3710853533054639,"(3659, 2254)",149.31,59.52124530555555,36.33860288888889
GS__1736,,0.0,"(2503, 2354)",45.27,59.52124530555555,36.33860288888889
GS__1737,,0.0,"(1629, 2457)",326.61,59.52140138888889,36.338573611111116
GS__1737,/,0.7486814776723492,"(3586, 2236)",142.74,59.52140138888889,36.338573611111116
GS__1738,٦٤٩٩١٥٢,0.6426905678025823,"(2839, 1532)",75.50999999999999,59.521644888888886,36.338532
GS__1739,7,0.8698055034415688,"(1658, 2513)",329.22,59.52176330555555,36.33850261111111
GS__1739,٤٥٥٩٥,0.1677598953802107,"(3555, 1645)",139.95,59.52176330555555,36.33850261111111
GS__1739,هآ,0.1841176018877961,"(3972, 1805)",177.48,59.52176330555555,36.33850261111111
GS__1739,تشآشد,0.1567952336188784,"(4051, 1819)",184.59,59.52176330555555,36.33850261111111
GS__1739,,0.0,"(2503, 2393)",45.27,59.52176330555555,36.33850261111111
GS__1740,Iتتآد,0.0056114619119632,"(2171, 1530)",15.39,59.5218765,36.338484
GS__1740,٤٩٥٩٥٧٥,0.48497712965941,"(2974, 1520)",87.66,59.5218765,36.338484
GS__1740,٤٧J٩٥٥,0.0664499208422309,"(3506, 1632)",135.54,59.5218765,36.338484
GS__1740,٤٧٢f,0.3045742809772491,"(4978, 1773)",268.02000000000004,59.5218765,36.338484
GS__1741,,0.0,"(1808, 2601)",342.72,59.5191954,36.340161611111114
GS__1742,ت,0.4804263275738982,"(2654, 1759)",58.86,59.5191948,36.34009569444445
GS__1742,;,0.1017021071685384,"(1633, 2490)",326.97,59.5191948,36.34009569444445
GS__1743,",",0.5242229192017476,"(1655, 2492)",328.95,59.5191691,36.339986
GS__1744,7,0.0391442053763677,"(1642, 2486)",327.78,59.5191448,36.339888111111115
GS__1745,<,0.9742200423307992,"(3044, 2209)",93.96,59.5191216,36.33978030555556
GS__1746,;,0.0306374180981947,"(1658, 2513)",329.22,59.5190873,36.33967169444445
GS__1747,7,0.0755954690799933,"(1656, 2510)",329.04,59.5190561,36.339581305555555
GS__1748,ا ل~,0.4001156985759735,"(3032, 2210)",92.88,59.5190266,36.33946369444445
GS__1748,",",0.1625110535349136,"(1637, 2479)",327.33,59.5190266,36.33946369444445
GS__1749,7,0.0681096478581091,"(1644, 2490)",327.96,59.5189882,36.339343
GS__1750,7,0.0638158764650009,"(1644, 2481)",327.96,59.5189606,36.3392235
GS__1751,",٤",0.0408816098202537,"(1637, 2474)",327.33,59.5189377,36.339128611111114
GS__1752,-٥٩٨٥ ٥٩,0.2880718197314645,"(2835, 1356)",75.14999999999999,59.5189178,36.339052111111116
GS__1752,;,0.0837144734901471,"(1655, 2504)",328.95,59.5189178,36.339052111111116
GS__1753,ا ل~د=,0.1483670077715698,"(3041, 2211)",93.69,59.5188997,36.338970805555554
GS__1753,7,0.1023986412093416,"(1640, 2490)",327.6,59.5188997,36.338970805555554
GS__1754,;,0.042186113646274,"(1649, 2504)",328.41,59.5188813,36.33888411111111
GS__1754,ازک,0.3579811650107327,"(1703, 1199)",333.27,59.5188813,36.33888411111111
GS__1755,>,0.6418276082766603,"(1876, 2565)",348.84,59.518842299999996,36.338756000000004
GS__1756,"رایشگاه ,",0.4851447332663139,"(3633, 1223)",146.97,59.5188102,36.33863138888889
GS__1756,",",0.1850292808175178,"(1633, 2452)",326.97,59.5188102,36.33863138888889
GS__1757,<,0.7725368615042818,"(2904, 2218)",81.36,59.518785,36.33853388888889
GS__1757,7,0.1636068753517685,"(1626, 2421)",326.34000000000003,59.518785,36.33853388888889
GS__1757,"رایشگاه ,",0.4029777021365571,"(4861, 1399)",257.49,59.518785,36.33853388888889
GS__1758,EPSf,0.0346915274858474,"(3008, 1440)",90.72,59.5187702,36.338464611111114
GS__1758,;,0.0711280790489041,"(1656, 2506)",329.04,59.5187702,36.338464611111114
GS__1759,7,0.056170230633562,"(1631, 2479)",326.79,59.5187457,36.3383715
GS__1760,",",0.1059339415744355,"(1629, 2441)",326.61,59.5187204,36.338283805555555
GS__1761,ا ل~,0.0716066062450409,"(3019, 2214)",91.71,59.5186837,36.338149694444446
GS__1761,7,0.1233954007126989,"(1628, 2461)",326.52,59.5186837,36.338149694444446
GS__1761,١٢ ٢٥٢ ٥ ٦٩٥,0.3180192055100601,"(5419, 1783)",307.71,59.5186837,36.338149694444446
GS__1762,اثامارلن,0.214665251389945,"(2468, 1127)",42.120000000000005,59.5186549,36.338040694444445
GS__1762,5r,0.0376633592760218,"(2999, 2213)",89.91,59.5186549,36.338040694444445
GS__1762,7,0.1447512357596316,"(1635, 2466)",327.15,59.5186549,36.338040694444445
GS__1762,٥ ٦٩٥,0.525383140759135,"(5302, 1896)",297.18,59.5186549,36.338040694444445
GS__1762,١٢ ٤٥٢,0.6858702952311257,"(5361, 1910)",302.49,59.5186549,36.338040694444445
GS__1763,9ی مارکت,0.6740182362866468,"(1113, 1248)",280.17,59.5186132,36.337891194444445
GS__1763,,0.0,"(1932, 2634)",353.88,59.5186132,36.337891194444445
GS__1763,١٢ ٤٥٢ ٥ ٦٩٥ ,0.5756690406112878,"(5093, 1807)",278.37,59.5186132,36.337891194444445
GS__1764,ریباب   خودرو,0.3007208981811384,"(2866, 1138)",77.94,59.5185878,36.3378085
GS__1764, ٩ مارئت,0.1142269618194593,"(188, 1499)",196.92,59.5185878,36.3378085
GS__1764,،١٢ ٢٥٢ ٥,0.3530665493406998,"(4541, 1890)",228.69,59.5185878,36.3378085
GS__1765,زیباین,0.1218516096886238,"(4090, 1212)",188.1,59.5185524,36.337665388888894
GS__1765,رامک,0.879724383354187,"(3890, 1239)",170.1,59.5185524,36.337665388888894
GS__1765,;,0.0617272672900439,"(1644, 2479)",327.96,59.5185524,36.337665388888894
GS__1765,مانتل,0.5943374883009583,"(3968, 1160)",177.12,59.5185524,36.337665388888894
GS__1765,خودرو,0.9417649226776672,"(4030, 1187)",182.7,59.5185524,36.337665388888894
GS__1766,",",0.2265905654139013,"(1640, 2472)",327.6,59.5185204,36.33754461111111
GS__1767,آا,0.1251571315869662,"(4963, 1361)",266.67,59.5184845,36.33741169444445
GS__1767,ا ل~=,0.084511931288601,"(3025, 2210)",92.25,59.5184845,36.33741169444445
GS__1767,١ ٥٧ى,0.5427267306877811,"(5323, 1927)",299.07,59.5184845,36.33741169444445
GS__1768,<,0.781866202616758,"(3021, 2211)",91.89,59.5184523,36.33729780555556
GS__1768,7,0.0990168690933268,"(1660, 2513)",329.4,59.5184523,36.33729780555556
GS__1769,;,0.0771083393807936,"(1642, 2477)",327.78,59.5184164,36.337180805555555
GS__1770,2چ~,0.0016695762073609,"(663, 2447)",239.67,59.518376599999996,36.337040388888894
GS__1770,7,0.0589875465515712,"(1646, 2485)",328.14,59.518376599999996,36.337040388888894
GS__1771,7,0.0307503749975248,"(1660, 2517)",329.4,59.5183473,36.33692961111112
GS__1772,4145445-,0.0153873527430289,"(3554, 1183)",139.86,59.5183077,36.33679488888889
GS__1772,٠٩١٧١٦٤٧٢,0.2331343175658104,"(3525, 1210)",137.25,59.5183077,36.33679488888889
GS__1772,7,0.1487220446790651,"(1671, 2529)",330.39,59.5183077,36.33679488888889
GS__1773,BCI,0.1034403036745282,"(2940, 1476)",84.6,59.5182773,36.336688
GS__1773,",",0.0539261740898864,"(1660, 2511)",329.4,59.5182773,36.336688
GS__1773,خدماک ولگ چمثه لاکومپیال,0.0316471681970953,"(4746, 1305)",247.14,59.5182773,36.336688
GS__1773,لچازددرادبا3دگ ولاولع,0.0012537812975929,"(4739, 1337)",246.51,59.5182773,36.336688
GS__1773,٠٩١٥٥١٦٢٥٧٢,0.7634125708236372,"(4668, 1349)",240.12,59.5182773,36.336688
GS__1773,٨٠٢٠٢٠٠ذ٠٩٧,0.3658772506444674,"(4767, 1370)",249.03,59.5182773,36.336688
GS__1774,م;,0.0213602997223772,"(1642, 2497)",327.78,59.518194799999996,36.336626
GS__1776,fش٤٢,0.1446869522333145,"(5239, 1770)",291.51,59.5176774,36.336707000000004
GS__1780,١٢٥٢ ٩ ٦٩٢,0.1906081229881742,"(3073, 1563)",96.57,59.51664930555555,36.336887805555556
GS__1782,17,0.0869712153329475,"(1666, 2542)",329.94,59.51658988888889,36.33704330555556
GS__1784,F,0.0348027617784849,"(1637, 575)",327.33,59.516646,36.33724930555556
GS__1784,;,0.3042676004956526,"(1637, 2461)",327.33,59.516646,36.33724930555556
GS__1784,,0.0,"(255, 174)",202.95,59.516646,36.33724930555556
GS__1788,;&,0.0447454044277612,"(1628, 2425)",326.52,59.5167675,36.33767188888889
GS__1789,;,0.1317568661917825,"(1617, 2436)",325.53,59.5168046,36.33783011111111
GS__1791,,0.0,"(1638, 2477)",327.42,59.5168704,36.338065
GS__1792,7070,0.1091741099953651,"(4016, 1356)",181.44,59.5169006,36.338184500000004
GS__1792,;,0.0474591807057009,"(1642, 2483)",327.78,59.5169006,36.338184500000004
GS__1793,;٤,0.0479615223081898,"(1629, 2472)",326.61,59.516956799999996,36.33840311111111
GS__1794,;٤,0.0340552553899999,"(1640, 2486)",327.6,59.5170064,36.33855719444445
GS__1795,[,0.3261135421892049,"(5321, 933)",298.89000000000004,59.5170305,36.33866530555556
GS__1795,;2,0.0280573526662912,"(1635, 2445)",327.15,59.5170305,36.33866530555556
GS__1795,كروهساخمانى,0.1800170061054519,"(5462, 905)",311.58000000000004,59.5170305,36.33866530555556
GS__1796,ودساختمانى,0.2551401618142722,"(5566, 1035)",320.94,59.5170548,36.33876580555556
GS__1796,;,0.0597569695561981,"(1640, 2475)",327.6,59.5170548,36.33876580555556
GS__1797,;,0.2721148840248908,"(1619, 2434)",325.71,59.5170902,36.33889638888889
GS__1798,;,0.3409725924414033,"(1633, 2447)",326.97,59.517127099999996,36.33903569444445
GS__1799,سازز ل ٢ ٠١٣٢٥٩١٠١,0.1510114662329559,"(998, 1530)",269.82,59.5171668,36.339151694444446
GS__1799,",",0.189067884969142,"(1640, 2486)",327.6,59.5171668,36.339151694444446
GS__1800,7,0.0348247096567888,"(1653, 2493)",328.77,59.517186,36.33923830555556
GS__1801,ص;,0.1087894027952635,"(1633, 2461)",326.97,59.5172106,36.3393555
GS__1802,;,0.0681371216693529,"(1635, 2459)",327.15,59.5172442,36.339482611111116
GS__1803,م,0.0124540287786767,"(1692, 976)",332.28,59.5172828,36.339612611111114
GS__1803,;٤,0.0349089288928936,"(1638, 2459)",327.42,59.5172828,36.339612611111114
GS__1805,,0.0,"(1638, 2472)",327.42,59.5173372,36.33986088888889
GS__1806,,0.0,"(1730, 2567)",335.7,59.51563319444445,36.340194805555555
GS__1807,ال~8,0.1021699160337448,"(3028, 2211)",92.52,59.51561088888889,36.34012969444445
GS__1807,;,0.0398260319485013,"(1638, 2475)",327.42,59.51561088888889,36.34012969444445
GS__1808,ا<,0.3033847046369446,"(2976, 2213)",87.84,59.51557161111111,36.340012111111115
GS__1808,",",0.0403398465768225,"(1635, 2479)",327.15,59.51557161111111,36.340012111111115
GS__1809,7,0.1687383334645966,"(1651, 2487)",328.59000000000003,59.51553438888889,36.3399
GS__1810,=٧٣7,0.0458335094153881,"(3600, 1392)",144.0,59.51551461111111,36.339794805555556
GS__1811,;,0.1886151227503854,"(1660, 2513)",329.4,59.51549688888889,36.339717694444445
GS__1812,-,0.0899289783932824,"(1660, 2462)",329.4,59.51545111111111,36.339588500000005
GS__1814,زیبایی,0.8066126670272662,"(3951, 1115)",175.59,59.51536988888889,36.33932319444445
GS__1814,ییرا-,0.070735291365318,"(3928, 1140)",173.51999999999998,59.51536988888889,36.33932319444445
GS__1814,",",0.1139947237443586,"(1633, 2483)",326.97,59.51536988888889,36.33932319444445
GS__1814,حسینیور,0.7528092399591696,"(3867, 1186)",168.03,59.51536988888889,36.33932319444445
GS__1815,3,0.1569395630327728,"(1653, 2510)",328.77,59.5153295,36.33918588888889
GS__1816,٤T7٦1٦٦ ٥,0.0081862400115001,"(2936, 1433)",84.24000000000001,59.51529680555556,36.33904761111111
GS__1816,HrefM٢f,0.0069130781710994,"(184, 1829)",196.56,59.51529680555556,36.33904761111111
GS__1816,D~ل,0.0561347169925836,"(3010, 2211)",90.9,59.51529680555556,36.33904761111111
GS__1816,,0.0,"(1631, 2477)",326.79,59.51529680555556,36.33904761111111
GS__1817,<,0.7568201520998628,"(2979, 2213)",88.11,59.515265694444444,36.338930194444444
GS__1817,",٤",0.0385147180001554,"(1640, 2479)",327.6,59.515265694444444,36.338930194444444
GS__1818,HRfINT,0.0129517482977344,"(2603, 1390)",54.27,59.5152295,36.33881319444445
GS__1818,7,0.1404271226334117,"(1633, 2486)",326.97,59.5152295,36.33881319444445
GS__1819,_=,0.0141933646835367,"(4009, 652)",180.81,59.51518519444444,36.3386915
GS__1819,6-7-5,0.1022340586632192,"(3960, 875)",176.4,59.51518519444444,36.3386915
GS__1819,FHRI,0.1026114746928215,"(2751, 1361)",67.59,59.51518519444444,36.3386915
GS__1819,<,0.3465448080292823,"(2994, 2216)",89.46,59.51518519444444,36.3386915
GS__1819,",",0.1296497539579242,"(1649, 2488)",328.41,59.51518519444444,36.3386915
GS__1820,Eم,0.223191008786316,"(3122, 1404)",100.98,59.5151525,36.338570805555555
GS__1820,;,0.1728281368697191,"(1667, 2522)",330.03,59.5151525,36.338570805555555
GS__1821,٢٩١٥٦ ٠٤٩,0.1355367207363026,"(3230, 1444)",110.7,59.515129,36.338472611111115
GS__1821,;,0.1199510038103293,"(1651, 2508)",328.59000000000003,59.515129,36.338472611111115
GS__1822,EFTI,0.0400276966392993,"(3030, 1343)",92.7,59.51510511111111,36.338389
GS__1822,,0.0,"(3579, 2209)",142.11,59.51510511111111,36.338389
GS__1822,",",0.0474134782034776,"(1647, 2490)",328.23,59.51510511111111,36.338389
GS__1823,;,0.1554658968439639,"(1649, 2495)",328.41,59.515080194444444,36.33827761111112
GS__1824,",E",0.0595423248547667,"(1676, 2524)",330.84,59.515041305555556,36.338109611111115
GS__1825,;,0.1985533336416125,"(1660, 2501)",329.4,59.515002305555555,36.3379755
GS__1826,BFUUI,0.1107011503439542,"(2864, 1395)",77.76,59.51497661111111,36.33787811111112
GS__1826,مم,0.0454863232429949,"(1658, 2520)",329.22,59.51497661111111,36.33787811111112
GS__1827,شعه,0.0238888249198443,"(2983, 1398)",88.47,59.514949,36.337769111111115
GS__1827,;,0.0715560178520178,"(1644, 2481)",327.96,59.514949,36.337769111111115
GS__1828,7,0.3045034485915643,"(1653, 2501)",328.77,59.514916694444445,36.33764819444445
GS__1830,",E",0.040747044702618,"(1671, 2522)",330.39,59.514827805555555,36.33727511111111
processed_GS__1430,تاپ سیستم,0.3143227874869214,"(3729, 1189)",155.61,,
processed_GS__1431,197'|],0.1697756347026387,"(850, 1449)",256.5,,
processed_GS__1431,7,0.3318905824621687,"(1658, 2501)",329.22,,
processed_GS__1431,UT,0.1872538596325507,"(4474, 1281)",222.66000000000005,,
processed_GS__1432,٧٧٧,0.2367781969394261,"(575, 1602)",231.75,,
processed_GS__1434,٩١٥٦٢,0.8331042606976017,"(5471, 1930)",312.39,,
processed_GS__1435,ل5 ٢٧٥ی٩٤,0.0526290129144827,"(4560, 1805)",230.4,,
processed_GS__1437,٧آب٢٤٢,0.3358710913573939,"(4990, 1804)",269.1,,
processed_GS__1437,,0.0,"(2488, 2362)",43.92,,
processed_GS__1444,٥إ٨,0.1878939061827708,"(5467, 1538)",312.03000000000003,,
