file_name,detected_text,confidence,center_coordinates,azimuth
GS__1430.JPG,تاپ سپستم,0.690097221927202,"(3729, 1192)",155.61
GS__1431.JPG,عوچر,0.159355342388153,"(827, 1392)",254.43
GS__1431.JPG, چلال,0.4630646454271901,"(1023, 1397)",272.07
GS__1431.JPG,7,0.0975635309163545,"(1649, 2499)",328.41
GS__1431.JPG,57,0.1409387582721599,"(4310, 1237)",207.9
GS__1431.JPG,I,0.6170683853929972,"(4462, 1278)",221.58
GS__1431.JPG,'67|,0.1396790593862533,"(1106, 1378)",279.53999999999996
GS__1431.JPG,،٨٨٩٨,0.0988712926298914,"(836, 1448)",255.24
GS__1431.JPG,=,0.2444295276262673,"(2545, 2383)",49.050000000000004
GS__1432.JPG,,0.0,"(2542, 2378)",48.78
GS__1432.JPG,٧؛٧ `,0.5353219001530544,"(573, 1601)",231.57
GS__1432.JPG,/,0.1403966356341266,"(3698, 2236)",152.82
GS__1433.JPG,,0.0,"(2508, 2369)",45.72
GS__1433.JPG,,0.0,"(1644, 2479)",327.96
GS__1433.JPG,قدفلفم,0.0090392669937206,"(4682, 2149)",241.38
GS__1434.JPG,,0.0,"(3577, 2247)",141.93
GS__1434.JPG,٩١٥١٢,0.872328248274027,"(5475, 1933)",312.75
GS__1434.JPG,=,0.1188267869491852,"(2474, 2353)",42.66
GS__1435.JPG,ثل٢٧٥٥یع٥,0.0330015180816765,"(4562, 1806)",230.57999999999998
GS__1435.JPG,»,0.0253868024719929,"(1647, 2465)",328.23
GS__1436.JPG,,0.0,"(2513, 2362)",46.17
GS__1437.JPG,٧آب٢٤٢,0.5295299721465839,"(4990, 1804)",269.1
GS__1437.JPG,,0.0,"(1626, 2461)",326.34000000000003
GS__1437.JPG,,0.0,"(2487, 2363)",43.83
GS__1438.JPG,١٨٨٨ ١,0.1076595314306079,"(3417, 1332)",127.53
GS__1438.JPG,;2,0.0373471019774396,"(1624, 2438)",326.15999999999997
GS__1438.JPG,7,0.238807069638768,"(3653, 2254)",148.77
GS__1440.JPG,امام,0.3963719015398431,"(4675, 1403)",240.74999999999997
GS__1440.JPG,Pقلآ,0.0108409970998764,"(5537, 1734)",318.33
GS__1440.JPG,پردبنانی ر ٣ِ -,0.1728366594531585,"(4765, 1538)",248.85000000000002
GS__1440.JPG,ژاسام زُسان ',0.4606076474848129,"(4753, 1560)",247.77
GS__1440.JPG,فا,0.0420227554856285,"(4816, 1720)",253.44
GS__1440.JPG,,0.0,"(2451, 2368)",40.59
GS__1441.JPG,<,0.2492856724892966,"(2956, 2216)",86.03999999999999
GS__1442.JPG,,0.0,"(2459, 2367)",41.31
GS__1442.JPG,,0.0,"(1631, 2459)",326.79
GS__1443.JPG,-[.؟١-1,0.0318094019010855,"(3424, 1080)",128.16
GS__1443.JPG,اار زئلی ز٨,0.0173474604512235,"(3478, 1075)",133.02
GS__1443.JPG,ازا حظظ راو8 کی رای نبد,0.0117904693667409,"(3469, 1042)",132.21
GS__1443.JPG,اخان خراحان ر,0.1744728980414497,"(3473, 1104)",132.57000000000002
GS__1444.JPG,٥؛٨,0.1359205125646216,"(5467, 1538)",312.03000000000003
GS__1446.JPG,تffffة٥آ5,0.0222070607130454,"(3404, 1561)",126.35999999999999
GS__1446.JPG,f,0.5794845310270489,"(4186, 1572)",196.74
GS__1447.JPG,5,0.0641612127080302,"(1624, 2447)",326.15999999999997
GS__1447.JPG,200(4,0.0234532130061577,"(3610, 1328)",144.9
GS__1447.JPG,/,0.2426073085770221,"(3577, 2241)",141.93
GS__1447.JPG,=,0.1630666996495131,"(2465, 2361)",41.85
GS__1448.JPG,چ,0.3765697169137105,"(4029, 373)",182.60999999999999
GS__1448.JPG,,0.0,"(2513, 2371)",46.17
GS__1448.JPG,٥ac٤,0.0251559000462293,"(4925, 1514)",263.25
GS__1449.JPG,7,0.3827029195192075,"(1635, 2454)",327.15
GS__1449.JPG,,0.0,"(2551, 2348)",49.59
GS__1450.JPG,,0.0,"(1624, 2474)",326.15999999999997
GS__1451.JPG,[EMfT,0.0407219323268095,"(3653, 1585)",148.77
GS__1451.JPG,7,0.7268395205983893,"(1644, 2463)",327.96
GS__1451.JPG,0303?9,0.0168723690441423,"(4752, 1411)",247.67999999999998
GS__1451.JPG,لاتا .,0.0483689292760038,"(4709, 1428)",243.81
GS__1451.JPG,٧٢ ٥٧٦٨ ٦٧,0.3027025260457449,"(4912, 1841)",262.08
GS__1452.JPG,",2",0.0139616619152527,"(1626, 2447)",326.34000000000003
GS__1452.JPG,,0.0,"(3663, 2257)",149.67000000000002
GS__1453.JPG,,0.0,"(2501, 2367)",45.09
GS__1453.JPG,7,0.7589506423782986,"(1637, 2463)",327.33
GS__1454.JPG,7,0.2774196919909286,"(1635, 2465)",327.15
GS__1454.JPG,7,0.0803351891659645,"(2497, 2373)",44.73
GS__1455.JPG,,0.0,"(1620, 2470)",325.8
GS__1455.JPG,,0.0,"(2532, 2356)",47.88
GS__1456.JPG,7,0.4193459966760571,"(1646, 2477)",328.14
GS__1457.JPG,7,0.743891978928346,"(1642, 2486)",327.78
GS__1458.JPG,٣٢,0.0997732177356694,"(4477, 1363)",222.92999999999998
GS__1458.JPG,غ :,0.0993347344449451,"(4531, 1376)",227.79000000000002
GS__1462.JPG,7,0.4625505547028865,"(1642, 2495)",327.78
GS__1462.JPG,,0.0,"(2516, 2385)",46.44
GS__1463.JPG,7,0.1602387030458993,"(1644, 2475)",327.96
GS__1463.JPG,7,0.3847723795115634,"(3660, 2225)",149.4
GS__1463.JPG,=,0.1721242583772095,"(2515, 2372)",46.35
GS__1464.JPG,",",0.0382109463915805,"(1671, 2535)",330.39
GS__1464.JPG,م ٤٩=,0.4072609530255853,"(3153, 1580)",103.77
GS__1464.JPG,ش٥٣ل٩,0.0421366305501576,"(3238, 1600)",111.42
GS__1464.JPG,rfف,0.0013970091272123,"(75, 2000)",186.75
GS__1464.JPG,,0.0,"(2601, 2397)",54.089999999999996
GS__1465.JPG,7,0.0552775598235735,"(1653, 2497)",328.77
GS__1465.JPG,/,0.5554840768327409,"(3645, 2211)",148.05
GS__1465.JPG,,0.0,"(2523, 2390)",47.07
GS__1466.JPG,",",0.0773200757069156,"(1642, 2470)",327.78
GS__1466.JPG,/,0.6722659774813025,"(3666, 2231)",149.94
GS__1466.JPG,,0.0,"(2524, 2371)",47.160000000000004
GS__1467.JPG,,0.0,"(2522, 2384)",46.980000000000004
GS__1467.JPG,/,0.5354292060446006,"(3638, 2221)",147.42
GS__1468.JPG,",",0.4936502809932932,"(1626, 2468)",326.34000000000003
GS__1469.JPG,ILU=,0.0207917410880327,"(5177, 1671)",285.93
GS__1469.JPG,7,0.0880848370443665,"(1640, 2472)",327.6
GS__1469.JPG,=,0.0310561877920543,"(2489, 2373)",44.01
GS__1470.JPG,7,0.1358170446223718,"(1620, 2454)",325.8
GS__1474.JPG,9,0.1709142167953894,"(3656, 1408)",149.04
GS__1477.JPG,٨ 7,0.0383515367277064,"(2942, 2225)",84.78
GS__1479.JPG,,0.0,"(1617, 2411)",325.53
GS__1479.JPG,لفتته,0.0186759489789041,"(2967, 1384)",87.03
GS__1479.JPG,TOYOTA,0.8889076838898753,"(784, 1653)",250.56
GS__1484.JPG,٠٩١٥٦٢١٥٩٥٢ ,0.934461271160606,"(3914, 1446)",172.26
GS__1485.JPG,ب٤,0.4030607453112056,"(4325, 1636)",209.25000000000003
GS__1486.JPG,,0.0,"(2444, 2371)",39.96
GS__1488.JPG,,0.0,"(1631, 2479)",326.79
GS__1489.JPG,;,0.0549958507864767,"(1640, 2472)",327.6
GS__1490.JPG,;,0.354088873501496,"(1615, 2436)",325.35
GS__1491.JPG,;٤,0.0341789543023088,"(1629, 2452)",326.61
GS__1492.JPG,;,0.1490987053933032,"(1637, 2454)",327.33
GS__1493.JPG,8EE٩ع,0.0669275320982134,"(4407, 1039)",216.63
GS__1493.JPG,;,0.0449603074138771,"(1644, 2481)",327.96
GS__1494.JPG,,0.0,"(1628, 2452)",326.52
GS__1494.JPG,ششلو,0.007429186720401,"(4634, 1063)",237.06
GS__1495.JPG,[fشذف,0.0386949416977214,"(566, 1822)",230.94
GS__1495.JPG,;٤,0.0313051721084548,"(1642, 2483)",327.78
GS__1496.JPG,,0.0,"(1426, 1496)",308.34000000000003
GS__1496.JPG,;,0.114662217437317,"(1633, 2468)",326.97
GS__1497.JPG,٧,0.1097250106240546,"(4155, 1383)",193.95
GS__1497.JPG,٤,0.6967310358737109,"(1422, 1430)",307.98
GS__1497.JPG,ف4,0.1791247061735116,"(4144, 1417)",192.96
GS__1497.JPG,للنا,0.3740909811941827,"(1575, 1473)",321.75
GS__1497.JPG,;,0.1825600308182808,"(1646, 2483)",328.14
GS__1497.JPG, بدن مامسی دد,0.339217050955564,"(1491, 1481)",314.19
GS__1498.JPG,٥fش٨٩پ,0.0124661219924813,"(41, 1815)",183.69
GS__1498.JPG,",٤",0.0189919936875241,"(1642, 2466)",327.78
GS__1501.JPG,میپوماکث,0.0596518623166078,"(3600, 1252)",144.0
GS__1501.JPG,٢٤٥5,0.246916189789772,"(3489, 1291)",134.01000000000002
GS__1501.JPG,;,0.074296492090653,"(1635, 2468)",327.15
GS__1502.JPG,9eosi,0.5648692571628985,"(3921, 1291)",172.89000000000001
GS__1503.JPG,pepsi,0.9418881255155012,"(4735, 1406)",246.14999999999998
GS__1504.JPG,;,0.1030540937258175,"(1647, 2468)",328.23
GS__1505.JPG,لآهعللآ,0.0077576946671768,"(4948, 1805)",265.32
GS__1506.JPG,",2",0.0444181983701424,"(1655, 2489)",328.95
GS__1508.JPG,ر,0.0503846890300687,"(1651, 2493)",328.59000000000003
GS__1511.JPG,ف,0.1440874630159818,"(5660, 1730)",329.40000000000003
GS__1512.JPG,TJ٥lff,0.0083114567588169,"(131, 1816)",191.79
GS__1513.JPG,;,0.2971857084160092,"(1604, 2427)",324.36
GS__1514.JPG,تگلخاءا,0.0578872011360311,"(3109, 1488)",99.81
GS__1515.JPG,z,0.0102437985328942,"(1640, 2448)",327.6
GS__1516.JPG,٥r,0.0098260269250306,"(2997, 1451)",89.73
GS__1516.JPG,<,0.1105048538052821,"(2981, 2218)",88.28999999999999
GS__1517.JPG,,0.0,"(1637, 2457)",327.33
GS__1518.JPG,,0.0,"(3661, 2246)",149.49
GS__1518.JPG,,0.0,"(2501, 2364)",45.09
GS__1519.JPG,,0.0,"(1624, 2438)",326.15999999999997
GS__1519.JPG,,0.0,"(2460, 2361)",41.4
GS__1521.JPG,,0.0,"(1633, 2457)",326.97
GS__1521.JPG,,0.0,"(2456, 2374)",41.04
GS__1522.JPG,٢٧؟٢٨,0.2652341972860536,"(3746, 1566)",157.14
GS__1522.JPG,7,0.1607803442545909,"(1624, 2445)",326.15999999999997
GS__1522.JPG,,0.0,"(3670, 2256)",150.29999999999998
GS__1522.JPG,-,0.366319627040923,"(2452, 2367)",40.68
GS__1523.JPG,7,0.4860334862017659,"(3642, 2264)",147.78
GS__1523.JPG,,0.0,"(2449, 2355)",40.410000000000004
GS__1525.JPG,٤٤,0.5581308178699596,"(3856, 1446)",167.04000000000002
GS__1525.JPG,٤٤ ( ) ٤٤,0.1312006943412776,"(4040, 1469)",183.6
GS__1525.JPG,,0.0,"(2469, 2365)",42.21
GS__1526.JPG,7,0.4366634671052374,"(1649, 2519)",328.41
GS__1526.JPG,,0.0,"(2551, 2395)",49.59
GS__1527.JPG,8٩,0.2039066526076992,"(3188, 2009)",106.92
GS__1527.JPG,,0.0,"(1656, 2497)",329.04
GS__1527.JPG,7,0.6162822194506958,"(3065, 2135)",95.85
GS__1527.JPG,,0.0,"(2527, 2385)",47.43
GS__1530.JPG,5,0.1071660162470147,"(1633, 2465)",326.97
GS__1530.JPG,,0.0,"(2490, 2368)",44.1
GS__1531.JPG,1,0.5658954207356146,"(4448, 1583)",220.32
GS__1531.JPG,اینانرواس,0.2401982516377827,"(4545, 1568)",229.04999999999998
GS__1531.JPG,<,0.2636949571938771,"(2954, 2216)",85.86
GS__1531.JPG,ببرسدلا,0.39040574036059,"(4440, 1550)",219.6
GS__1531.JPG,77,0.0680277694399004,"(4530, 1605)",227.7
GS__1532.JPG,>,0.3234452666461607,"(2884, 2148)",79.56
GS__1532.JPG,7,0.9256364657858284,"(3073, 2130)",96.57
GS__1532.JPG,5,0.9672951198942634,"(1651, 2508)",328.59000000000003
GS__1532.JPG,46ُ,0.0457374125457912,"(4798, 1583)",251.82
GS__1532.JPG,=,0.3662215087402387,"(2527, 2390)",47.43
GS__1533.JPG,نا,0.4547005735389687,"(1867, 796)",348.03
GS__1533.JPG,٤,0.1426322352500761,"(1878, 895)",349.02
GS__1533.JPG,٨,0.2004093475122284,"(1910, 1145)",351.9
GS__1533.JPG,غا,0.2781444403418074,"(1836, 667)",345.24
GS__1533.JPG,/,0.7068933012435288,"(3673, 2237)",150.57
GS__1533.JPG,,0.0,"(2506, 2372)",45.54
GS__1534.JPG,?,0.0629804391225121,"(719, 765)",244.71
GS__1534.JPG,},0.7260321790969471,"(731, 839)",245.79000000000002
GS__1534.JPG,ذ,0.1957153415184729,"(747, 938)",247.23000000000002
GS__1534.JPG,9,0.5637095211010354,"(756, 1037)",248.04000000000002
GS__1534.JPG,زیبایی کل آرا,0.7195436867831,"(1343, 1305)",300.87
GS__1534.JPG,;,0.0564500206653315,"(1642, 2465)",327.78
GS__1536.JPG,7==,0.3443610938377333,"(4576, 656)",231.84
GS__1536.JPG,٤٦٣٥١,0.0088291969540684,"(2027, 1476)",2.43
GS__1536.JPG,أ٥,0.0322797352756198,"(2027, 1534)",2.43
GS__1536.JPG,تآ,0.1390749181621985,"(1565, 1554)",320.85
GS__1537.JPG,,0.0,"(1649, 2486)",328.41
GS__1539.JPG,5,0.1024457196711958,"(1640, 2488)",327.6
GS__1539.JPG,,0.0,"(2504, 2384)",45.36
GS__1540.JPG,,0.0,"(2524, 2398)",47.160000000000004
GS__1543.JPG,,0.0,"(1638, 2450)",327.42
GS__1544.JPG,7,0.0791603976326706,"(1633, 2452)",326.97
GS__1545.JPG,7,0.3594416305588765,"(1622, 2452)",325.98
GS__1545.JPG,,0.0,"(2499, 2358)",44.91
GS__1546.JPG,EIق,0.1673178847127436,"(4576, 1688)",231.84
GS__1546.JPG,,0.0,"(2445, 2380)",40.05
GS__1547.JPG,TT,0.0023737111510035,"(4618, 644)",235.61999999999998
GS__1547.JPG,,0.0,"(2499, 2373)",44.91
GS__1548.JPG,7,0.3742818277169277,"(1626, 2461)",326.34000000000003
GS__1548.JPG,,0.0,"(2485, 2366)",43.65
GS__1549.JPG,=,0.0717979842154656,"(2432, 2358)",38.88
GS__1550.JPG,,0.0,"(2440, 2355)",39.6
GS__1552.JPG,7,0.1554816198206419,"(1622, 2445)",325.98
GS__1552.JPG,IT٥N,0.0256166663020849,"(5212, 1721)",289.08000000000004
GS__1552.JPG,,0.0,"(2443, 2366)",39.87
GS__1553.JPG,= ٤,0.5852859579110722,"(4405, 719)",216.45
GS__1553.JPG,,0.0,"(2492, 2363)",44.28
GS__1554.JPG,غتععفقماء,0.0194424042862318,"(4987, 1873)",268.83
GS__1555.JPG,,0.0,"(1649, 2488)",328.41
GS__1557.JPG,ب,0.2472879335552456,"(1476, 1494)",312.84
GS__1557.JPG,,0.0,"(1316, 1512)",298.44
GS__1557.JPG,7,0.1143834147717512,"(1622, 2445)",325.98
GS__1557.JPG,٥٧,0.3514303468673398,"(1391, 1500)",305.19
GS__1557.JPG,٥,0.076688395123913,"(1236, 1517)",291.24
GS__1557.JPG,,0.0,"(2471, 2362)",42.39
GS__1558.JPG,,0.0,"(1624, 2430)",326.15999999999997
GS__1558.JPG,نتتآ,0.0293484628200531,"(1621, 1557)",325.89
GS__1558.JPG,,0.0,"(2432, 2356)",38.88
GS__1559.JPG,=,0.3760334030950254,"(2510, 2385)",45.9
GS__1560.JPG,١٢ ٩٣٢٨١,0.5654390970727485,"(1262, 1723)",293.58
GS__1560.JPG,-,0.424406411577948,"(2520, 2382)",46.800000000000004
GS__1561.JPG,٦٥٩١٥٦٢,0.4956972894441897,"(3206, 1498)",108.53999999999999
GS__1561.JPG,,0.0,"(1635, 2454)",327.15
GS__1561.JPG,,0.0,"(2484, 2365)",43.56
GS__1562.JPG,,0.0,"(1641, 2467)",327.69
GS__1562.JPG,,0.0,"(2463, 2375)",41.67
GS__1563.JPG,-7=7=2,0.010525384592366,"(4322, 1223)",208.98000000000002
GS__1563.JPG,7,0.2015147278348337,"(1631, 2456)",326.79
GS__1563.JPG,,0.0,"(2459, 2371)",41.31
GS__1564.JPG,٩٥٥٥٢,0.5057202607509751,"(3141, 1572)",102.69
GS__1564.JPG,,0.0,"(1748, 2542)",337.32
GS__1565.JPG,٦٤٩٢٩٢٥,0.1526340681474895,"(2801, 1401)",72.09
GS__1565.JPG,",",0.1582457635436753,"(1669, 2528)",330.21
GS__1566.JPG,سفلنم,0.004508156744866,"(2783, 1338)",70.47
GS__1566.JPG,;,0.0624897633214525,"(1651, 2495)",328.59000000000003
GS__1567.JPG,Tma,0.0840791199943221,"(2798, 1325)",71.82000000000001
GS__1567.JPG,م,0.0487022990159291,"(1642, 2479)",327.78
GS__1567.JPG,Dr,0.2230488446258627,"(3011, 2211)",90.99
GS__1569.JPG,تلشتذ -,0.0382979534128811,"(3771, 1525)",159.39
GS__1569.JPG,",",0.2591135882553885,"(1649, 2488)",328.41
GS__1570.JPG,;,0.1730098161462843,"(1674, 2526)",330.66
GS__1570.JPG,٩Iم٥,0.0305325873196125,"(2672, 1439)",60.480000000000004
GS__1573.JPG,٥,0.5569117083705919,"(4178, 882)",196.01999999999998
GS__1573.JPG,,0.0,"(1647, 2488)",328.23
GS__1573.JPG,99,0.0515183181278775,"(4431, 921)",218.79
GS__1573.JPG,4:PP447,0.0273178780001013,"(4254, 1125)",202.86
GS__1574.JPG,سالن زيبای,0.6189897288473573,"(3683, 1109)",151.47
GS__1574.JPG,٨٨,0.9520707564775304,"(3663, 1142)",149.67000000000002
GS__1574.JPG,٥٨٨٥ ٤٥ ٦ (-,0.0048479585937076,"(2772, 1399)",69.48
GS__1578.JPG,;,0.0498670870999973,"(1649, 2486)",328.41
GS__1579.JPG,٤Gf,0.0414901414586012,"(2864, 1343)",77.76
GS__1579.JPG,D~,0.2273191903211534,"(3014, 2212)",91.26
GS__1580.JPG,7,0.0489059564140967,"(1656, 2511)",329.04
GS__1581.JPG,٤CB٥,0.016352979466319,"(2810, 1325)",72.9
GS__1581.JPG,",",0.0234012800953407,"(1642, 2486)",327.78
GS__1582.JPG,ال~5,0.1356163024902343,"(3028, 2210)",92.52
GS__1582.JPG,ECI,0.0262833355735008,"(2777, 1350)",69.93
GS__1583.JPG,9٢٢٤,0.206070601940155,"(3305, 1467)",117.44999999999999
GS__1583.JPG,Dr /,0.0538640275940426,"(3025, 2210)",92.24999999999999
GS__1585.JPG,٠٢٩٥١,0.4606811986843197,"(2960, 1514)",86.39999999999999
GS__1585.JPG,٢/,0.1463951720659824,"(2990, 2223)",89.1
GS__1585.JPG,,0.0,"(2364, 2353)",32.76
GS__1586.JPG,٧ ؟٤,0.0801267388122846,"(2159, 852)",14.31
GS__1586.JPG,ن7,0.1754210745882352,"(1642, 2474)",327.78
GS__1586.JPG,/,0.5752261069141618,"(3605, 2224)",144.45
GS__1587.JPG,گ,0.6209905740468145,"(3577, 2205)",141.93
GS__1587.JPG,-,0.343650145237703,"(1646, 2490)",328.14
GS__1587.JPG,,0.0,"(2521, 2377)",46.89
GS__1588.JPG,,0.0,"(1655, 2531)",328.95
GS__1588.JPG,,0.0,"(2546, 2389)",49.14
GS__1589.JPG,,0.0,"(1671, 2545)",330.39
GS__1589.JPG,,0.0,"(2599, 2407)",53.91
GS__1590.JPG,1,0.1585433078032716,"(4034, 1398)",183.05999999999997
GS__1591.JPG,;,0.0308671995917111,"(1644, 2484)",327.96
GS__1591.JPG,ش٤٥٥5,0.159771702270102,"(1892, 1589)",350.28
GS__1591.JPG,,0.0,"(2479, 2389)",43.11
GS__1592.JPG,,0.0,"(3568, 2223)",141.12
GS__1592.JPG,7,0.080453034355906,"(1640, 2477)",327.6
GS__1592.JPG,=,0.2768883808556808,"(2481, 2376)",43.29
GS__1593.JPG,,0.0,"(3723, 2228)",155.07000000000002
GS__1593.JPG,7,0.3604903602347384,"(1640, 2483)",327.6
GS__1593.JPG,,0.0,"(2523, 2382)",47.07
GS__1594.JPG,٤YPW٩,0.035839662310065,"(5451, 1656)",310.59000000000003
GS__1594.JPG,,0.0,"(2479, 2364)",43.11
GS__1594.JPG,7,0.406467109812695,"(1624, 2443)",326.15999999999997
GS__1594.JPG,T557,0.0255169589072465,"(647, 1655)",238.23000000000002
GS__1594.JPG,٥٣ب٥٢,0.1583909515074151,"(5104, 1772)",279.36
GS__1595.JPG,7,0.2902218840616264,"(1635, 2495)",327.15
GS__1595.JPG,,0.0,"(2517, 2387)",46.53
GS__1596.JPG,=?7?,0.1350018233060836,"(2231, 1345)",20.790000000000003
GS__1596.JPG,EP,0.004472010461192,"(2877, 1491)",78.93
GS__1596.JPG,٦,0.735373439988507,"(2078, 692)",7.02
GS__1597.JPG,آآد,0.205080032237979,"(3613, 1602)",145.17
GS__1598.JPG,تم,0.2335954313229203,"(2877, 1464)",78.93
GS__1598.JPG,,0.0,"(2494, 2380)",44.46
GS__1599.JPG,َِمٍّ ,0.0134990058719138,"(594, 994)",233.46
GS__1599.JPG,آنیشآ,0.2747841575555966,"(2283, 1552)",25.47
GS__1599.JPG,؟٦٥,0.2496566529211864,"(1977, 1572)",357.93
GS__1599.JPG,5,0.9202108266217692,"(1662, 2526)",329.58
GS__1599.JPG,,0.0,"(2578, 2394)",52.019999999999996
GS__1600.JPG,7,0.0976154995761504,"(1635, 2492)",327.15
GS__1600.JPG,/,0.4615555641408697,"(3665, 2218)",149.85
GS__1600.JPG,,0.0,"(2493, 2390)",44.37
GS__1601.JPG,7,0.5047723086295832,"(1647, 2495)",328.23
GS__1601.JPG,/,0.7192883820416149,"(3698, 2222)",152.82
GS__1601.JPG,,0.0,"(2509, 2391)",45.81
GS__1602.JPG,٠٤١٥5,0.0046266698345571,"(1565, 695)",320.85
GS__1602.JPG,؟,0.1338414262952989,"(5277, 872)",294.93
GS__1602.JPG,,0.0,"(2488, 2365)",43.92
GS__1603.JPG,ج,0.0110907517193075,"(5456, 1091)",311.04
GS__1603.JPG,,0.0,"(1617, 2463)",325.53
GS__1604.JPG,5,0.1132462227532551,"(1635, 2461)",327.15
GS__1605.JPG,رنبان دربابی,0.5357509506218555,"(3912, 1329)",172.07999999999998
GS__1606.JPG,م٤٨٨٥,0.1241185218206023,"(2400, 1305)",36.0
GS__1606.JPG,7,0.2540762133838861,"(1624, 2481)",326.15999999999997
GS__1606.JPG,,0.0,"(2505, 2380)",45.45
GS__1607.JPG,؟٢ مإرئت,0.0233711341479166,"(2459, 1305)",41.31
GS__1607.JPG,E»٥,0.0378591828260895,"(2247, 1318)",22.23
GS__1607.JPG,٩١٥٦ م ٤٦٩,0.8595144181145072,"(2832, 1625)",74.88
GS__1607.JPG,,0.0,"(2525, 2397)",47.25
GS__1608.JPG,9گا مارلن ,0.0542910315182768,"(2155, 1244)",13.95
GS__1608.JPG,زیبایئ  خودرو مانتل,0.1264348900734363,"(4646, 1352)",238.14
GS__1608.JPG,درانک بن,0.1158497830736544,"(4571, 1431)",231.39000000000001
GS__1608.JPG,٥٥٨٢؟٦٤٩٥,0.1553633302833242,"(2983, 1489)",88.47
GS__1608.JPG,ش٦٠٦,0.0211907621512848,"(2323, 1234)",29.07
GS__1609.JPG,٨٢ ٤٩٢٦١٥,0.0814649283211081,"(3048, 1460)",94.32000000000001
GS__1609.JPG,زیبایی   خودرو,0.7213526410530838,"(5325, 1482)",299.25
GS__1609.JPG,مانت,0.8754949533252908,"(5259, 1474)",293.31
GS__1609.JPG,٥٧٥٢٥,0.584643902913667,"(2330, 1629)",29.700000000000003
GS__1610.JPG,٤L٥١٢,0.0234923258010527,"(2999, 1415)",89.91
GS__1611.JPG,ن,0.9704265333392784,"(1966, 1223)",356.94
GS__1611.JPG,,0.0,"(2475, 2370)",42.75
GS__1611.JPG,اکسپرس,0.9925421404941414,"(1883, 1230)",349.47
GS__1612.JPG,٦٢ ٩١٥ ٢ ٦٦٩,0.7574594700749742,"(3001, 1536)",90.08999999999999
GS__1612.JPG,,0.0,"(2501, 2366)",45.09
GS__1612.JPG,,0.0,"(1610, 2470)",324.9
GS__1613.JPG,٩٨٥٢٢م ٦٤٦٩،,0.1940862191901798,"(3050, 1491)",94.5
GS__1613.JPG,7,0.4325511817623919,"(1633, 2452)",326.97
GS__1614.JPG,٩٦٥٦٤ م ٤٦٩,0.2478499612496123,"(3055, 1534)",94.94999999999999
GS__1614.JPG,عذ ك08,0.0777693573788542,"(1873, 1248)",348.57
GS__1615.JPG,08,0.980850864220772,"(996, 1354)",269.64
GS__1615.JPG,،٤٥٩٢٥٢٢,0.2106113420357693,"(3026, 1496)",92.34
GS__1615.JPG,Dr,0.0106243207603931,"(2969, 2218)",87.21
GS__1616.JPG,٩١٧١٢ ٢ ٦٤٩,0.1475303687651253,"(3008, 1509)",90.72
GS__1616.JPG,ا9ات,0.346440851688385,"(1520, 1336)",316.8
GS__1617.JPG,7,0.1045670837869048,"(1622, 2465)",325.98
GS__1618.JPG,>rل/,0.0176993645727634,"(2989, 2215)",89.01
GS__1618.JPG,7,0.5637431747462109,"(1619, 2441)",325.71
GS__1618.JPG,<,0.4361599306645622,"(3548, 2242)",139.32
GS__1619.JPG,,0.0,"(2483, 2372)",43.47
GS__1620.JPG,ا٥,0.5912047981962755,"(1149, 1453)",283.40999999999997
GS__1620.JPG,7,0.2791245569285685,"(1633, 2475)",326.97
GS__1620.JPG,7,0.5062257882910934,"(3645, 2228)",148.05
GS__1620.JPG,,0.0,"(2504, 2377)",45.36
GS__1621.JPG,٩٧٧٧٢ ٢ ٦٤٤,0.2165039885156144,"(2832, 1527)",74.88
GS__1622.JPG,ترعتان قه,0.0105310592469672,"(3032, 1027)",92.88
GS__1623.JPG,,0.0,"(3116, 850)",100.44000000000001
GS__1623.JPG,٤٢٩١٥٨٢,0.2049907069806388,"(2814, 1523)",73.25999999999999
GS__1623.JPG,تروءقا& 3چن,0.0029995608152661,"(3113, 903)",100.17
GS__1624.JPG,,0.0,"(3413, 722)",127.17
GS__1624.JPG,ترو ءاشاغا3ان,0.009872105718899,"(3397, 778)",125.73
GS__1624.JPG,٥ذم,0.0728341092594096,"(2933, 1465)",83.97
GS__1625.JPG,ع٦٧,0.0429505385198293,"(2882, 1428)",79.38
GS__1625.JPG,0,0.1593539716477474,"(3677, 541)",150.93
GS__1625.JPG,"رویعتاناذین ,",0.0068517063457406,"(3641, 589)",147.69
GS__1626.JPG,/,0.6288186280589549,"(3664, 2234)",149.76
GS__1626.JPG,,0.0,"(2497, 2372)",44.73
GS__1627.JPG,!٢ ,0.0158635487790039,"(762, 1516)",248.57999999999998
GS__1628.JPG,,0.0,"(1646, 2506)",328.14
GS__1628.JPG,,0.0,"(2528, 2390)",47.52
GS__1629.JPG,Dr,0.0519309406918558,"(2989, 2214)",89.01
GS__1630.JPG,وعم,0.0063715694073775,"(3228, 1497)",110.52
GS__1630.JPG,7,0.6436101755746826,"(1644, 2502)",327.96
GS__1631.JPG,اٰٰ ار,0.2677261819137311,"(3309, 1248)",117.80999999999999
GS__1631.JPG,,0.0,"(1631, 2461)",326.79
GS__1631.JPG,,0.0,"(2542, 2359)",48.78
GS__1632.JPG,gکأفه ا,0.5519536367191945,"(3802, 1250)",162.18
GS__1632.JPG,ضزل,0.665490448474884,"(1568, 1419)",321.12
GS__1632.JPG,؟نن ,0.0516957176305794,"(1647, 1442)",328.23
GS__1632.JPG,رذ #ا,0.1319805006939282,"(1581, 1455)",322.29
GS__1632.JPG,بزیغ بیبر,0.1558913174774089,"(1579, 1480)",322.11
GS__1632.JPG,٦٢٥٦٤ ٦٨١,0.0774552159660877,"(2850, 1489)",76.5
GS__1632.JPG,,0.0,"(1649, 2497)",328.41
GS__1632.JPG,دررغنرا,0.0818723834817387,"(1603, 1381)",324.27
GS__1632.JPG,٤٢٥٢٧٢,0.2953343110157873,"(5189, 1774)",287.01
GS__1632.JPG,,0.0,"(2518, 2380)",46.620000000000005
GS__1634.JPG,,0.0,"(4543, 672)",228.87
GS__1634.JPG,,0.0,"(1638, 2475)",327.42
GS__1636.JPG,١١١١١١١٢,0.2488015679990649,"(3777, 1340)",159.92999999999998
GS__1637.JPG,ذيغ ملی,0.026146848050915,"(1546, 1264)",319.14
GS__1637.JPG,كلار3,0.0388483799623146,"(1531, 1298)",317.79
GS__1640.JPG,٤٧٧٣٩٥١٠,0.0017013913821637,"(2882, 1444)",79.38
GS__1643.JPG,Deps,0.1292069405317306,"(2108, 1246)",9.72
GS__1644.JPG,رباریت پامچال,0.2827608293740433,"(1608, 1230)",324.72
GS__1644.JPG,peesi,0.6821968986900226,"(1310, 1267)",297.9
GS__1644.JPG,آن بوتین,0.2286129853351941,"(1609, 1472)",324.81
GS__1645.JPG,قنpزیک,0.037180608049017,"(521, 1534)",226.89
GS__1645.JPG,,0.0,"(1646, 2456)",328.14
GS__1645.JPG,3E09960|,0.0505538107823994,"(960, 1342)",266.4
GS__1645.JPG,7,0.0572201953680731,"(2442, 2377)",39.78
GS__1646.JPG,7,0.0390636672159558,"(1635, 2470)",327.15
GS__1647.JPG,;,0.0387758285240791,"(1631, 2463)",326.79
GS__1648.JPG,٤٤,0.9673231866094566,"(3863, 1300)",167.67
GS__1649.JPG,,0.0,"(1637, 2456)",327.33
GS__1649.JPG,٢٦ ٢,0.2761221826076507,"(3857, 1411)",167.13
GS__1649.JPG,,0.0,"(2465, 2371)",41.85
GS__1650.JPG,7,0.6183738072893483,"(1647, 2497)",328.23
GS__1651.JPG,٥,0.2727191606951784,"(3566, 1302)",140.94
GS__1651.JPG,:,0.1955798023138868,"(3563, 1358)",140.67
GS__1651.JPG,Dr,0.0454007627785568,"(2987, 2213)",88.83
GS__1652.JPG,ّ,0.0213675915506996,"(4891, 1489)",260.19
GS__1652.JPG,;0,0.3527658849793707,"(5735, 1629)",336.15
GS__1652.JPG,٨ ٥٢٢ ٠ ٠٦٤٢,0.0156226944323919,"(5726, 1655)",335.34
GS__1652.JPG,,0.0,"(1647, 2483)",328.23
GS__1652.JPG,,0.0,"(2498, 2384)",44.82
GS__1653.JPG,تآئ٥ ط ٤Vء,0.030342389135558,"(146, 1770)",193.14
GS__1654.JPG,٥٢٢١٥,0.2190948382032777,"(182, 1750)",196.38
GS__1655.JPG,٠٠V٥ طIت,0.0096880115735192,"(53, 1740)",184.76999999999998
GS__1655.JPG,,0.0,"(1633, 2450)",326.97
GS__1656.JPG,- Eتثآ٥ طن,0.0342242693278412,"(416, 1799)",217.44
GS__1657.JPG,٣٥ا,0.1132051992696663,"(1403, 902)",306.27
GS__1657.JPG,٧، ٥٩٧٣٣٤,0.0087660076957462,"(2951, 1498)",85.58999999999999
GS__1657.JPG,;,0.3011305999950799,"(1640, 2457)",327.6
GS__1657.JPG,EY٥٥ط,0.1043548700509161,"(861, 1912)",257.49
GS__1658.JPG,کرو ساخماتی,0.1857227574453985,"(1207, 912)",288.63
GS__1658.JPG,٥ب~0,0.0875092074275016,"(1128, 929)",281.52
GS__1659.JPG,شش٥,0.031740828315897,"(871, 1915)",258.39
GS__1659.JPG,ط٢٤٧,0.8675630688667297,"(807, 1951)",252.63
GS__1660.JPG,F٤V٥طVI,0.037414494253559,"(292, 1820)",206.28
GS__1661.JPG,R,0.9297845538297942,"(4139, 1458)",192.51
GS__1661.JPG,^,0.822811958682351,"(4130, 1505)",191.7
GS__1661.JPG,ط ٤٤٧,0.683596013026475,"(312, 1876)",208.08
GS__1661.JPG,7,0.136082263484405,"(1649, 2481)",328.41
GS__1661.JPG,ث٥٧٢٥,0.068931039106386,"(379, 1862)",214.11
GS__1661.JPG,=,0.469235945550853,"(2503, 2382)",45.27
GS__1662.JPG,,0.0,"(2545, 2404)",49.050000000000004
GS__1663.JPG,=,0.2968695026116599,"(1649, 2504)",328.41
GS__1663.JPG,,0.0,"(2541, 2388)",48.690000000000005
GS__1665.JPG,7,0.2500461361234016,"(1651, 2474)",328.59000000000003
GS__1665.JPG,,0.0,"(2501, 2379)",45.09
GS__1666.JPG,,0.0,"(1631, 2447)",326.79
GS__1666.JPG,,0.0,"(2470, 2361)",42.3
GS__1667.JPG,٨٢٥8٦fآ,0.0713406095388299,"(3658, 1559)",149.22
GS__1667.JPG,,0.0,"(1635, 2452)",327.15
GS__1667.JPG,7,0.3180234704396447,"(3632, 2242)",146.88
GS__1667.JPG,,0.0,"(2476, 2364)",42.839999999999996
GS__1668.JPG,٩١٥٢٢ ٥ ٤٩؛,0.1637799019373342,"(2978, 1563)",88.02
GS__1668.JPG,,0.0,"(2507, 2395)",45.63
GS__1669.JPG,",",0.0587733171271063,"(1651, 2508)",328.59000000000003
GS__1669.JPG,,0.0,"(2553, 2388)",49.77
GS__1670.JPG,،٦٩٢٩٨٥٤٦,0.1401108237669144,"(2936, 1532)",84.24000000000001
GS__1670.JPG,7,0.2926175523757734,"(1635, 2465)",327.15
GS__1671.JPG,ر؟أنللاي-,0.0939876285261955,"(1750, 1327)",337.5
GS__1671.JPG,شلتذن[,0.0724905053228575,"(3806, 1597)",162.54
GS__1671.JPG,,0.0,"(1626, 2481)",326.34000000000003
GS__1672.JPG,باللاي ؤز,0.2197418224489218,"(771, 1425)",249.39
GS__1672.JPG,٥٥٥8,0.0304449070245027,"(5202, 1669)",288.18
GS__1674.JPG,:/:':|:,0.3873787249300568,"(1496, 1412)",314.64
GS__1674.JPG,>,0.0935721343393289,"(1635, 2484)",327.15
GS__1674.JPG,٥٧؟٧٥٧٥{,0.0059967916706105,"(2124, 704)",11.16
GS__1674.JPG,=,0.2392145335845761,"(2499, 2378)",44.91
GS__1675.JPG,5,0.073764233208351,"(1626, 2447)",326.34000000000003
GS__1676.JPG,٦,0.1118081114862059,"(4450, 893)",220.50000000000003
GS__1677.JPG,8,0.0070637900207515,"(1649, 2475)",328.41
GS__1678.JPG,7,0.2483719654877711,"(1638, 2470)",327.42
GS__1678.JPG,=,0.2956000756078083,"(2496, 2375)",44.64
GS__1679.JPG,٢٦٠٤٥٦٠٤,0.3851795375182752,"(1811, 1273)",342.99
GS__1679.JPG,حعدزادد,0.729920590754552,"(1811, 1300)",342.99
GS__1679.JPG,بابا,0.603625960352668,"(1921, 1293)",352.89
GS__1679.JPG,0f8,0.0121953044026998,"(1568, 1401)",321.12
GS__1679.JPG,هاییرعلی بابا,0.5060540848983672,"(1714, 1412)",334.26
GS__1679.JPG,٤٧٣ د ٦٢٤,0.0422829956595852,"(3406, 1561)",126.53999999999999
GS__1679.JPG,7,0.0183448955903173,"(1651, 2506)",328.59000000000003
GS__1679.JPG,خ,0.1881400480372699,"(2552, 2387)",49.68000000000001
GS__1680.JPG,L@,0.0976779393433502,"(1115, 1280)",280.35
GS__1680.JPG,شاچد علیبابا,0.1887932917860957,"(1139, 1360)",282.51
GS__1680.JPG,مایپرعلی بابا,0.7144402889128139,"(697, 1509)",242.73000000000002
GS__1680.JPG,آ٩٥م ٥٦٩,0.0849302804895707,"(3514, 1607)",136.26
GS__1680.JPG,٢٢٠٤٥٩٩٤,0.4037269349192275,"(669, 1404)",240.21
GS__1680.JPG,مش,0.1713704344594726,"(1930, 1558)",353.7
GS__1681.JPG,E,0.1523484019366527,"(1651, 2418)",328.59000000000003
GS__1682.JPG,0ار5,0.2915060818195343,"(3600, 1185)",144.0
GS__1682.JPG,عابربانک  قبوِء,0.0329292604426357,"(3622, 1257)",145.98000000000002
GS__1682.JPG,جلوبنىى,0.3163147549402618,"(4592, 1266)",233.28
GS__1682.JPG,صتحع,0.1122138872742652,"(4547, 1294)",229.23000000000002
GS__1682.JPG,٥١٧ ٤,0.2475759938551991,"(1788, 1395)",340.92
GS__1682.JPG,ر,0.3093902973923832,"(1651, 2533)",328.59000000000003
GS__1682.JPG,افی,0.2713565282276479,"(4481, 1258)",223.29
GS__1683.JPG,وبخاری,0.0989429123650413,"(3793, 1257)",161.37
GS__1683.JPG,ررأیکتن ,0.0277123881504916,"(4551, 1262)",229.59
GS__1683.JPG,اشذثاذن,0.0181188984034994,"(3779, 1282)",160.10999999999999
GS__1683.JPG,Seren ؟,0.6936240721305874,"(4311, 1318)",207.99
GS__1683.JPG,IU5؟,0.071773923933506,"(1109, 1426)",279.81
GS__1683.JPG,م06@(,0.1928149337680065,"(4567, 1161)",231.03000000000003
GS__1683.JPG,0ارکق,0.3411968117574831,"(4813, 1224)",253.17000000000002
GS__1683.JPG,قنظیوم,0.2857953154557049,"(3913, 1260)",172.17000000000002
GS__1683.JPG,0915E0062E,0.1945409497467986,"(4690, 1245)",242.1
GS__1683.JPG,/من کارت ,0.3811117146861514,"(4621, 1274)",235.89
GS__1683.JPG, کامل /,0.5677242631189875,"(4677, 1283)",240.93
GS__1683.JPG,عابربائگ / قهوه اسپرسو پروتئینی,0.3906953567931844,"(4789, 1308)",251.01000000000002
GS__1683.JPG,Mبe,0.3264566275170349,"(4402, 1330)",216.18
GS__1684.JPG,لهانا تآم,0.0346410090581907,"(4000, 1147)",180.0
GS__1684.JPG,الو سرویس وض,0.5638941107776221,"(3817, 1233)",163.53
GS__1684.JPG,گلاسمی,0.3995748068122772,"(4101, 1207)",189.09
GS__1684.JPG,روغن اتومنيل داى ابرانى وخارج,0.3324350320705298,"(3784, 1266)",160.56
GS__1684.JPG,UB0ق,0.0116059584543108,"(4009, 1275)",180.81
GS__1684.JPG,٠٥٠٢ ٥,0.4025090986930515,"(3748, 1293)",157.32
GS__1684.JPG,اتومان,0.6747288395953318,"(3829, 1289)",164.60999999999999
GS__1684.JPG,٠_ ٥٥٤,0.0665090700181932,"(4151, 1361)",193.58999999999997
GS__1684.JPG,T90إ,0.0080446619540452,"(5049, 1341)",274.40999999999997
GS__1684.JPG,ذربر قجم غرتجادی,0.0113150013011819,"(5083, 1386)",277.47
GS__1684.JPG,گیربک,0.4678686670050943,"(3884, 1287)",169.56
GS__1685.JPG,كث لذدذئو دادادولی,0.0069429296770906,"(2880, 1251)",79.2
GS__1685.JPG,تربكی آءعان,0.0723552232599502,"(4207, 1255)",198.63
GS__1685.JPG,اتو س رویس وج,0.1043362691421531,"(4399, 1243)",215.91
GS__1685.JPG,٤ ٤٦٤٦ ٥٢٦ ٠٩٧٥,0.5959857545508038,"(2909, 1275)",81.81
GS__1685.JPG,روغن اتومیسل شای ثراتی وخارحی,0.124858055291722,"(4380, 1283)",214.2
GS__1685.JPG,تَفرَّها,0.0020446741154727,"(4659, 1316)",239.30999999999997
GS__1685.JPG,م,0.0090536064094246,"(4380, 1413)",214.2
GS__1685.JPG,7,0.5704157628277109,"(1608, 2416)",324.72
GS__1685.JPG,سالنلا,0.0571334333325548,"(4636, 1267)",237.24
GS__1686.JPG,هتین,0.7425640821456909,"(3687, 1217)",151.83
GS__1686.JPG,,0.0,"(1694, 2550)",332.46
GS__1686.JPG,لیس اءمان,0.0932449490534905,"(4204, 1216)",198.36
GS__1686.JPG,لمق,0.2933480546536201,"(1297, 1267)",296.73
GS__1686.JPG,ثنن,0.0642495669341424,"(1301, 1348)",297.09000000000003
GS__1686.JPG,ذتا آ ٨اء,0.0147061668681983,"(1205, 1374)",288.45
GS__1686.JPG,,0.0,"(2614, 2394)",55.26
GS__1687.JPG,٥0,0.2698597880868861,"(1804, 1460)",342.36
GS__1687.JPG,IقL,0.2598427099806473,"(4134, 1666)",192.06
GS__1687.JPG,=,0.0602433495221268,"(2533, 2373)",47.970000000000006
GS__1688.JPG,,0.0,"(1646, 2515)",328.14
GS__1688.JPG,,0.0,"(2524, 2399)",47.160000000000004
GS__1689.JPG,7,0.2011290265983554,"(1644, 2479)",327.96
GS__1689.JPG,/,0.4646364606485385,"(3710, 2228)",153.9
GS__1690.JPG,٥٢7ب٠١٦,0.0179397002447356,"(2119, 1503)",10.709999999999999
GS__1690.JPG,;,0.0222432375136492,"(1640, 2486)",327.6
GS__1690.JPG,0413,0.1963882604845215,"(3538, 1006)",138.42000000000002
GS__1690.JPG,,0.0,"(2532, 2376)",47.88
GS__1691.JPG,,0.0,"(2526, 2386)",47.34
GS__1692.JPG,کررجا |,0.0772140817565511,"(3507, 1343)",135.63
GS__1692.JPG,٨٨١١,0.114661194384098,"(3510, 1365)",135.9
GS__1692.JPG,,0.0,"(2463, 2371)",41.67
GS__1693.JPG,؟٤؟٦٨٥٢٩,0.3293541612166569,"(2321, 1539)",28.89
GS__1693.JPG,7,0.6297188821518809,"(1633, 2499)",326.97
GS__1693.JPG,,0.0,"(2570, 2372)",51.3
GS__1694.JPG,؟0,0.0726756508662375,"(1147, 1399)",283.23
GS__1694.JPG,گروه ساختمانی,0.922318430857252,"(4688, 1426)",241.92000000000002
GS__1694.JPG,الم,0.121383212506771,"(1145, 1489)",283.05
GS__1694.JPG,20؟4,0.0059123979881405,"(1262, 1521)",293.58
GS__1694.JPG,7,0.0763542139936568,"(1633, 2454)",326.97
GS__1694.JPG,??,0.132652237897011,"(1261, 1387)",293.49
GS__1694.JPG,42575,0.0296744652890652,"(1153, 1528)",283.77
GS__1694.JPG,7,0.0425040628511261,"(2446, 2374)",40.14
GS__1695.JPG,,0.0,"(5341, 1239)",300.69
GS__1695.JPG,5^,0.0784306481564334,"(2992, 2213)",89.28
GS__1696.JPG,أر7,0.0021793081113853,"(1314, 1329)",298.26
GS__1696.JPG,تسم,0.1947829565983463,"(2974, 1434)",87.66
GS__1696.JPG,٣٤ ٦٢٤٥٧٢,0.1345881982667024,"(5609, 1795)",324.81
GS__1696.JPG,7,0.3836182168252868,"(1642, 2483)",327.78
GS__1696.JPG,77,0.2768610455767578,"(3640, 2222)",147.6
GS__1696.JPG,=,0.2396987076926713,"(2495, 2385)",44.55
GS__1697.JPG,٨ ٥ ؟٣ و،,0.0010774941748742,"(2893, 1498)",80.37
GS__1697.JPG,HUقULII,0.0529361735792349,"(5534, 1685)",318.06
GS__1697.JPG,ح,0.1966959352203368,"(1671, 2502)",330.39
GS__1698.JPG,,0.0,"(2525, 2389)",47.25
GS__1699.JPG,T٥٧٢؛٣,0.0112159337801196,"(5475, 1788)",312.75
GS__1699.JPG,,0.0,"(3621, 2219)",145.89
GS__1699.JPG,7,0.1924727958370278,"(1647, 2481)",328.23
GS__1699.JPG,-,0.1605831347643525,"(2467, 2389)",42.03
GS__1700.JPG,7٨,0.0227239114074588,"(5591, 1746)",323.19
GS__1700.JPG,٠T٥٧٢ج٣,0.0364927674346334,"(5588, 1818)",322.92
GS__1700.JPG,;8,0.0238956411001221,"(1653, 2486)",328.77
GS__1700.JPG,,0.0,"(2497, 2387)",44.73
GS__1701.JPG,~,0.0019410790287534,"(1818, 1739)",343.62
GS__1701.JPG,{7,0.3927186322805535,"(5647, 1748)",328.22999999999996
GS__1701.JPG,٦٢٤٥٧٢,0.0496739853947316,"(5649, 1813)",328.41
GS__1702.JPG,(?٨,0.1133696803555887,"(5688, 1730)",331.92
GS__1702.JPG,٤؟٥٧٢ ج٦٣,0.2726586587943938,"(5688, 1808)",331.92
GS__1702.JPG,,0.0,"(1644, 2495)",327.96
GS__1702.JPG,,0.0,"(604, 861)",234.36
GS__1702.JPG,/,0.5419526662604426,"(3651, 2210)",148.59
GS__1702.JPG,-,0.271328314423247,"(2519, 2384)",46.71
GS__1703.JPG,٥٧٥٤ ٦٤,0.131810490402049,"(5692, 1791)",332.28000000000003
GS__1703.JPG,Dr,0.0439809195924882,"(3003, 2213)",90.27
GS__1704.JPG,(IR,0.0953993508777216,"(5512, 1770)",316.08
GS__1704.JPG,T٥؛,0.33276050420448,"(5505, 1849)",315.45
GS__1705.JPG,مر ,0.0148077061367465,"(2033, 789)",2.97
GS__1705.JPG,شنبتا,0.0473674388351461,"(5059, 1705)",275.31
GS__1705.JPG,مآ ',0.0688754767179489,"(5482, 1792)",313.38
GS__1705.JPG,٠٤٣٤٥٧,0.0619153327016653,"(5479, 1870)",313.11
GS__1705.JPG,51,0.1920824448567322,"(3025, 2212)",92.24999999999999
GS__1706.JPG,م,0.0902620885701708,"(4394, 1480)",215.46
GS__1706.JPG,,0.0,"(4387, 1570)",214.83
GS__1706.JPG,ق8,0.0654370932289539,"(4503, 1534)",225.27
GS__1706.JPG,(٨٨,0.3961531922347776,"(5427, 1764)",308.43
GS__1706.JPG,;,0.0603537370473115,"(1642, 2493)",327.78
GS__1706.JPG,,0.0,"(4433, 1527)",218.96999999999997
GS__1706.JPG,؟٥W ج-,0.0544133135625042,"(5421, 1843)",307.89
GS__1706.JPG,,0.0,"(2534, 2380)",48.06
GS__1707.JPG,٣,0.1103045069073624,"(4547, 1381)",229.23000000000002
GS__1707.JPG,م08,0.0165039966672533,"(5418, 1728)",307.62
GS__1707.JPG,T٥ج,0.2792881517656759,"(5415, 1801)",307.35
GS__1707.JPG,",",0.4053904249090578,"(1631, 2488)",326.79
GS__1708.JPG,٩٦٥٦٢م ٦٤٩,0.3950865342705625,"(3089, 1491)",98.00999999999999
GS__1708.JPG,٦٤٢٤٥٢٢٤٤,0.5286076086917483,"(5712, 1752)",334.08000000000004
GS__1709.JPG,عن رعاً,0.1468739388286639,"(1554, 1428)",319.86
GS__1709.JPG,٥٨,0.8633745028028134,"(2038, 1431)",3.42
GS__1709.JPG,3666680,0.1975758120097995,"(1547, 1472)",319.23
GS__1709.JPG,٩١٥٦٦ ٢ ٦٦٩,0.2706655288494972,"(3037, 1525)",93.33
GS__1709.JPG,-٣٤٥٧٢,0.0553596387118634,"(190, 1853)",197.1
GS__1709.JPG,,0.0,"(2487, 2384)",43.83
GS__1710.JPG,چ,0.0861149127434126,"(3591, 2205)",143.19
GS__1710.JPG,چ,0.3597335736345144,"(1631, 2499)",326.79
GS__1710.JPG,٠١١٥٤١٢٠٤٧,0.3348689195746011,"(4778, 1674)",250.02
GS__1710.JPG,,0.0,"(2498, 2391)",44.82
GS__1711.JPG,L٧Y,0.0499785828229339,"(4684, 1469)",241.56
GS__1711.JPG,٩١٥٦٢ ٤ ٦٦٩,0.2507970334200063,"(3059, 1545)",95.30999999999999
GS__1711.JPG,,0.0,"(2522, 2388)",46.980000000000004
GS__1712.JPG,٥٤٧٦٦,0.4047467352290768,"(2128, 1530)",11.52
GS__1712.JPG,,0.0,"(2486, 2360)",43.74
GS__1712.JPG,7,0.1093396525011627,"(1608, 2443)",324.72
GS__1713.JPG,,0.0,"(2495, 2370)",44.55
GS__1714.JPG,5/,0.0224232153136996,"(3023, 2214)",92.07
GS__1715.JPG,=,0.3929221776502665,"(2481, 2374)",43.29
GS__1716.JPG,7,0.4330227432967923,"(1633, 2447)",326.97
GS__1717.JPG,7,0.8949752811559506,"(1622, 2474)",325.98
GS__1717.JPG,,0.0,"(2469, 2376)",42.21
GS__1718.JPG,7,0.2077615158668777,"(1626, 2466)",326.34000000000003
GS__1718.JPG,77,0.2342809257614108,"(3642, 2226)",147.78
GS__1718.JPG,ِ,0.0935904592005707,"(2497, 2378)",44.73
GS__1719.JPG,=,0.1738591715358985,"(1631, 2495)",326.79
GS__1719.JPG,7,0.4868565211154418,"(3649, 2212)",148.41
GS__1719.JPG,,0.0,"(2510, 2385)",45.9
GS__1720.JPG,آ٩٥٥,0.2947878539562225,"(3143, 1574)",102.87
GS__1720.JPG,,0.0,"(2544, 2388)",48.96
GS__1721.JPG,٥٩٩٥٦٢,0.3801812947038617,"(2900, 1521)",81.0
GS__1722.JPG,,0.0,"(1635, 2461)",327.15
GS__1723.JPG,خ=,0.049109149721154,"(2454, 2379)",40.86
GS__1723.JPG,/,0.8397528289666667,"(3670, 2248)",150.29999999999998
GS__1724.JPG,D^,0.0381170658117539,"(3017, 2211)",91.52999999999999
GS__1724.JPG,,0.0,"(2490, 2381)",44.1
GS__1725.JPG,,0.0,"(1638, 2434)",327.42
GS__1725.JPG,7,0.6151327066666887,"(3655, 2251)",148.95
GS__1725.JPG,=,0.3171475097681195,"(2449, 2368)",40.410000000000004
GS__1726.JPG,,0.0,"(2468, 2367)",42.120000000000005
GS__1726.JPG,7,0.1488695379051998,"(1615, 2443)",325.35
GS__1726.JPG,7,0.1245448034530918,"(3650, 2252)",148.5
GS__1727.JPG,<,0.5396638805987095,"(2985, 2216)",88.65
GS__1727.JPG,=,0.2911347276365319,"(2481, 2390)",43.29
GS__1728.JPG,7,0.5147859379030173,"(1635, 2468)",327.15
GS__1728.JPG,<,0.0954081991916986,"(3597, 2223)",143.73
GS__1729.JPG,7,0.4586797909505016,"(1617, 2450)",325.53
GS__1729.JPG,,0.0,"(3614, 2247)",145.26000000000002
GS__1729.JPG,=,0.1372547244871533,"(2454, 2365)",40.86
GS__1731.JPG,4,0.0464124503567833,"(2983, 2218)",88.47
GS__1731.JPG,=,0.08599068269476,"(2440, 2374)",39.6
GS__1732.JPG,<,0.1434781998332832,"(2956, 2216)",86.03999999999999
GS__1733.JPG,< 1,0.2436111271381378,"(2979, 2218)",88.11
GS__1734.JPG,,0.0,"(1604, 2425)",324.36
GS__1734.JPG,/,0.4857496304922826,"(3635, 2255)",147.15
GS__1735.JPG,٣,0.8683235686494619,"(5336, 949)",300.24
GS__1735.JPG,٩١٥٩٥٠٠٠٢٢,0.2759806992044851,"(4031, 1577)",182.79000000000002
GS__1735.JPG,<^,0.0399884767040573,"(2974, 2218)",87.66
GS__1736.JPG,چ,0.1588882656589909,"(1624, 2425)",326.15999999999997
GS__1736.JPG,7,0.3710853533054639,"(3659, 2254)",149.31
GS__1736.JPG,,0.0,"(2503, 2354)",45.27
GS__1737.JPG,,0.0,"(1629, 2457)",326.61
GS__1737.JPG,/,0.7486814776723492,"(3586, 2236)",142.74
GS__1738.JPG,٦٤٩٩١٥٢,0.6426905678025823,"(2839, 1532)",75.50999999999999
GS__1739.JPG,7,0.8698055034415688,"(1658, 2513)",329.22
GS__1739.JPG,٤٥٥٩٥,0.1677598953802107,"(3555, 1645)",139.95
GS__1739.JPG,هآ,0.1841176018877961,"(3972, 1805)",177.48
GS__1739.JPG,تشآشد,0.1567952336188784,"(4051, 1819)",184.59
GS__1739.JPG,,0.0,"(2503, 2393)",45.27
GS__1740.JPG,Iتتآد,0.0056114619119632,"(2171, 1530)",15.39
GS__1740.JPG,٤٩٥٩٥٧٥,0.48497712965941,"(2974, 1520)",87.66
GS__1740.JPG,٤٧J٩٥٥,0.0664499208422309,"(3506, 1632)",135.54
GS__1740.JPG,٤٧٢f,0.3045742809772491,"(4978, 1773)",268.02000000000004
GS__1741.JPG,,0.0,"(1808, 2601)",342.72
GS__1742.JPG,ت,0.4804263275738982,"(2654, 1759)",58.86
GS__1742.JPG,;,0.1017021071685384,"(1633, 2490)",326.97
GS__1743.JPG,",",0.5242229192017476,"(1655, 2492)",328.95
GS__1744.JPG,7,0.0391442053763677,"(1642, 2486)",327.78
GS__1745.JPG,<,0.9742200423307992,"(3044, 2209)",93.96000000000001
GS__1746.JPG,;,0.0306374180981947,"(1658, 2513)",329.22
GS__1747.JPG,7,0.0755954690799933,"(1656, 2510)",329.04
GS__1748.JPG,ا ل~,0.4001156985759735,"(3032, 2210)",92.88
GS__1748.JPG,",",0.1625110535349136,"(1637, 2479)",327.33
GS__1749.JPG,7,0.0681096478581091,"(1644, 2490)",327.96
GS__1750.JPG,7,0.0638158764650009,"(1644, 2481)",327.96
GS__1751.JPG,",٤",0.0408816098202537,"(1637, 2474)",327.33
GS__1752.JPG,-٥٩٨٥ ٥٩,0.2880718197314645,"(2835, 1356)",75.14999999999999
GS__1752.JPG,;,0.0837144734901471,"(1655, 2504)",328.95
GS__1753.JPG,ا ل~د=,0.1483670077715698,"(3041, 2211)",93.69
GS__1753.JPG,7,0.1023986412093416,"(1640, 2490)",327.6
GS__1754.JPG,;,0.042186113646274,"(1649, 2504)",328.41
GS__1754.JPG,ازک,0.3579811650107327,"(1703, 1199)",333.27
GS__1755.JPG,>,0.6418276082766603,"(1876, 2565)",348.84
GS__1756.JPG,"رایشگاه ,",0.4851447332663139,"(3633, 1223)",146.97
GS__1756.JPG,",",0.1850292808175178,"(1633, 2452)",326.97
GS__1757.JPG,<,0.7725368615042818,"(2904, 2218)",81.36
GS__1757.JPG,7,0.1636068753517685,"(1626, 2421)",326.34000000000003
GS__1757.JPG,"رایشگاه ,",0.4029777021365571,"(4861, 1399)",257.49
GS__1758.JPG,EPSf,0.0346915274858474,"(3008, 1440)",90.72
GS__1758.JPG,;,0.0711280790489041,"(1656, 2506)",329.04
GS__1759.JPG,7,0.056170230633562,"(1631, 2479)",326.79
GS__1760.JPG,",",0.1059339415744355,"(1629, 2441)",326.61
GS__1761.JPG,ا ل~,0.0716066062450409,"(3019, 2214)",91.71
GS__1761.JPG,7,0.1233954007126989,"(1628, 2461)",326.52
GS__1761.JPG,١٢ ٢٥٢ ٥ ٦٩٥,0.3180192055100601,"(5419, 1783)",307.71
GS__1762.JPG,اثامارلن,0.214665251389945,"(2468, 1127)",42.120000000000005
GS__1762.JPG,5r,0.0376633592760218,"(2999, 2213)",89.91
GS__1762.JPG,7,0.1447512357596316,"(1635, 2466)",327.15
GS__1762.JPG,٥ ٦٩٥,0.525383140759135,"(5302, 1896)",297.18
GS__1762.JPG,١٢ ٤٥٢,0.6858702952311257,"(5361, 1910)",302.49
GS__1763.JPG,9ی مارکت,0.6740182362866468,"(1113, 1248)",280.17
GS__1763.JPG,,0.0,"(1932, 2634)",353.88
GS__1763.JPG,١٢ ٤٥٢ ٥ ٦٩٥ ,0.5756690406112878,"(5093, 1807)",278.37
GS__1764.JPG,ریباب   خودرو,0.3007208981811384,"(2866, 1138)",77.94
GS__1764.JPG, ٩ مارئت,0.1142269618194593,"(188, 1499)",196.92
GS__1764.JPG,،١٢ ٢٥٢ ٥,0.3530665493406998,"(4541, 1890)",228.69
GS__1765.JPG,زیباین,0.1218516096886238,"(4090, 1212)",188.1
GS__1765.JPG,رامک,0.879724383354187,"(3890, 1239)",170.1
GS__1765.JPG,;,0.0617272672900439,"(1644, 2479)",327.96
GS__1765.JPG,مانتل,0.5943374883009583,"(3968, 1160)",177.12
GS__1765.JPG,خودرو,0.9417649226776672,"(4030, 1187)",182.7
GS__1766.JPG,",",0.2265905654139013,"(1640, 2472)",327.6
GS__1767.JPG,آا,0.1251571315869662,"(4963, 1361)",266.67
GS__1767.JPG,ا ل~=,0.084511931288601,"(3025, 2210)",92.24999999999999
GS__1767.JPG,١ ٥٧ى,0.5427267306877811,"(5323, 1927)",299.07
GS__1768.JPG,<,0.781866202616758,"(3021, 2211)",91.88999999999999
GS__1768.JPG,7,0.0990168690933268,"(1660, 2513)",329.4
GS__1769.JPG,;,0.0771083393807936,"(1642, 2477)",327.78
GS__1770.JPG,2چ~,0.0016695762073609,"(663, 2447)",239.67000000000002
GS__1770.JPG,7,0.0589875465515712,"(1646, 2485)",328.14
GS__1771.JPG,7,0.0307503749975248,"(1660, 2517)",329.4
GS__1772.JPG,4145445-,0.0153873527430289,"(3554, 1183)",139.86
GS__1772.JPG,٠٩١٧١٦٤٧٢,0.2331343175658104,"(3525, 1210)",137.25
GS__1772.JPG,7,0.1487220446790651,"(1671, 2529)",330.39
GS__1773.JPG,BCI,0.1034403036745282,"(2940, 1476)",84.6
GS__1773.JPG,",",0.0539261740898864,"(1660, 2511)",329.4
GS__1773.JPG,خدماک ولگ چمثه لاکومپیال,0.0316471681970953,"(4746, 1305)",247.14
GS__1773.JPG,لچازددرادبا3دگ ولاولع,0.0012537812975929,"(4739, 1337)",246.51
GS__1773.JPG,٠٩١٥٥١٦٢٥٧٢,0.7634125708236372,"(4668, 1349)",240.12
GS__1773.JPG,٨٠٢٠٢٠٠ذ٠٩٧,0.3658772506444674,"(4767, 1370)",249.03
GS__1774.JPG,م;,0.0213602997223772,"(1642, 2497)",327.78
GS__1776.JPG,fش٤٢,0.1446869522333145,"(5239, 1770)",291.51
GS__1780.JPG,١٢٥٢ ٩ ٦٩٢,0.1906081229881742,"(3073, 1563)",96.57
GS__1782.JPG,17,0.0869712153329475,"(1666, 2542)",329.94
GS__1784.JPG,F,0.0348027617784849,"(1637, 575)",327.33
GS__1784.JPG,;,0.3042676004956526,"(1637, 2461)",327.33
GS__1784.JPG,,0.0,"(255, 174)",202.95
GS__1788.JPG,;&,0.0447454044277612,"(1628, 2425)",326.52
GS__1789.JPG,;,0.1317568661917825,"(1617, 2436)",325.53
GS__1791.JPG,,0.0,"(1638, 2477)",327.42
GS__1792.JPG,7070,0.1091741099953651,"(4016, 1356)",181.44
GS__1792.JPG,;,0.0474591807057009,"(1642, 2483)",327.78
GS__1793.JPG,;٤,0.0479615223081898,"(1629, 2472)",326.61
GS__1794.JPG,;٤,0.0340552553899999,"(1640, 2486)",327.6
GS__1795.JPG,[,0.3261135421892049,"(5321, 933)",298.89000000000004
GS__1795.JPG,;2,0.0280573526662912,"(1635, 2445)",327.15
GS__1795.JPG,كروهساخمانى,0.1800170061054519,"(5462, 905)",311.58000000000004
GS__1796.JPG,ودساختمانى,0.2551401618142722,"(5566, 1035)",320.94
GS__1796.JPG,;,0.0597569695561981,"(1640, 2475)",327.6
GS__1797.JPG,;,0.2721148840248908,"(1619, 2434)",325.71
GS__1798.JPG,;,0.3409725924414033,"(1633, 2447)",326.97
GS__1799.JPG,سازز ل ٢ ٠١٣٢٥٩١٠١,0.1510114662329559,"(998, 1530)",269.82
GS__1799.JPG,",",0.189067884969142,"(1640, 2486)",327.6
GS__1800.JPG,7,0.0348247096567888,"(1653, 2493)",328.77
GS__1801.JPG,ص;,0.1087894027952635,"(1633, 2461)",326.97
GS__1802.JPG,;,0.0681371216693529,"(1635, 2459)",327.15
GS__1803.JPG,م,0.0124540287786767,"(1692, 976)",332.28
GS__1803.JPG,;٤,0.0349089288928936,"(1638, 2459)",327.42
GS__1805.JPG,,0.0,"(1638, 2472)",327.42
GS__1806.JPG,,0.0,"(1730, 2567)",335.7
GS__1807.JPG,ال~8,0.1021699160337448,"(3028, 2211)",92.52
GS__1807.JPG,;,0.0398260319485013,"(1638, 2475)",327.42
GS__1808.JPG,ا<,0.3033847046369446,"(2976, 2213)",87.84
GS__1808.JPG,",",0.0403398465768225,"(1635, 2479)",327.15
GS__1809.JPG,7,0.1687383334645966,"(1651, 2487)",328.59000000000003
GS__1810.JPG,=٧٣7,0.0458335094153881,"(3600, 1392)",144.0
GS__1811.JPG,;,0.1886151227503854,"(1660, 2513)",329.4
GS__1812.JPG,-,0.0899289783932824,"(1660, 2462)",329.4
GS__1814.JPG,زیبایی,0.8066126670272662,"(3951, 1115)",175.59
GS__1814.JPG,ییرا-,0.070735291365318,"(3928, 1140)",173.51999999999998
GS__1814.JPG,",",0.1139947237443586,"(1633, 2483)",326.97
GS__1814.JPG,حسینیور,0.7528092399591696,"(3867, 1186)",168.03
GS__1815.JPG,3,0.1569395630327728,"(1653, 2510)",328.77
GS__1816.JPG,٤T7٦1٦٦ ٥,0.0081862400115001,"(2936, 1433)",84.24000000000001
GS__1816.JPG,HrefM٢f,0.0069130781710994,"(184, 1829)",196.56
GS__1816.JPG,D~ل,0.0561347169925836,"(3010, 2211)",90.9
GS__1816.JPG,,0.0,"(1631, 2477)",326.79
GS__1817.JPG,<,0.7568201520998628,"(2979, 2213)",88.11
GS__1817.JPG,",٤",0.0385147180001554,"(1640, 2479)",327.6
GS__1818.JPG,HRfINT,0.0129517482977344,"(2603, 1390)",54.269999999999996
GS__1818.JPG,7,0.1404271226334117,"(1633, 2486)",326.97
GS__1819.JPG,_=,0.0141933646835367,"(4009, 652)",180.81
GS__1819.JPG,6-7-5,0.1022340586632192,"(3960, 875)",176.4
GS__1819.JPG,FHRI,0.1026114746928215,"(2751, 1361)",67.59
GS__1819.JPG,<,0.3465448080292823,"(2994, 2216)",89.46
GS__1819.JPG,",",0.1296497539579242,"(1649, 2488)",328.41
GS__1820.JPG,Eم,0.223191008786316,"(3122, 1404)",100.98
GS__1820.JPG,;,0.1728281368697191,"(1667, 2522)",330.03
GS__1821.JPG,٢٩١٥٦ ٠٤٩,0.1355367207363026,"(3230, 1444)",110.7
GS__1821.JPG,;,0.1199510038103293,"(1651, 2508)",328.59000000000003
GS__1822.JPG,EFTI,0.0400276966392993,"(3030, 1343)",92.7
GS__1822.JPG,,0.0,"(3579, 2209)",142.10999999999999
GS__1822.JPG,",",0.0474134782034776,"(1647, 2490)",328.23
GS__1823.JPG,;,0.1554658968439639,"(1649, 2495)",328.41
GS__1824.JPG,",E",0.0595423248547667,"(1676, 2524)",330.84
GS__1825.JPG,;,0.1985533336416125,"(1660, 2501)",329.4
GS__1826.JPG,BFUUI,0.1107011503439542,"(2864, 1395)",77.76
GS__1826.JPG,مم,0.0454863232429949,"(1658, 2520)",329.22
GS__1827.JPG,شعه,0.0238888249198443,"(2983, 1398)",88.47
GS__1827.JPG,;,0.0715560178520178,"(1644, 2481)",327.96
GS__1828.JPG,7,0.3045034485915643,"(1653, 2501)",328.77
GS__1830.JPG,",E",0.040747044702618,"(1671, 2522)",330.39
processed_GS__1430.JPG,تاپ سیستم,0.3143227874869214,"(3729, 1189)",155.61
processed_GS__1431.JPG,197'|],0.1697756347026387,"(850, 1449)",256.5
processed_GS__1431.JPG,7,0.3318905824621687,"(1658, 2501)",329.22
processed_GS__1431.JPG,UT,0.1872538596325507,"(4474, 1281)",222.66000000000003
processed_GS__1432.JPG,٧٧٧,0.2367781969394261,"(575, 1602)",231.75
processed_GS__1434.JPG,٩١٥٦٢,0.8331042606976017,"(5471, 1930)",312.39
processed_GS__1435.JPG,ل5 ٢٧٥ی٩٤,0.0526290129144827,"(4560, 1805)",230.4
processed_GS__1437.JPG,٧آب٢٤٢,0.3358710913573939,"(4990, 1804)",269.1
processed_GS__1437.JPG,,0.0,"(2488, 2362)",43.92
processed_GS__1444.JPG,٥إ٨,0.1878939061827708,"(5467, 1538)",312.03000000000003
