file_name,bbox,center_coordinates,detected_text
GS__1430.JPG,"3659,1159,3799,1229","3729,1194",تاپ سپستم مه ت
GS__1431.JPG,"984,1328,1187,1437","1085,1382",راری 1 چلال
GS__1431.JPG,"4364,1226,4573,1338","4468,1282",
GS__1431.JPG,"779,1357,893,1482","836,1419",شثیر ،٨٢٩٨
GS__1432.JPG,"523,1559,646,1638","584,1598",٧٧؟ `
GS__1434.JPG,"4145,1340,4237,1370","4191,1355",لعانخان راء
GS__1438.JPG,"3387,1322,3448,1342","3417,1332",١٨٨٨ ١
GS__1440.JPG,"4635,1377,4720,1430","4677,1403",امام
GS__1440.JPG,"4735,1522,4809,1555","4772,1538", ابنانی و
GS__1444.JPG,"4633,1406,4700,1437","4666,1421",تکیدان
GS__1447.JPG,"3546,1305,3676,1358","3611,1331",700(>
GS__1448.JPG,"3865,313,4105,416","3985,364",4 7
GS__1448.JPG,"4864,1474,4988,1552","4926,1513",٥٣
GS__1451.JPG,"4662,1365,4901,1457","4781,1411",ومرمهق هکرن
GS__1458.JPG,"4434,1328,4561,1403","4497,1365",خغه ٤٢
GS__1491.JPG,"3913,1033,3993,1064","3953,1048",ژل
GS__1493.JPG,"4358,1014,4460,1063","4409,1038",مقا
GS__1494.JPG,"4582,1036,4683,1090","4632,1063",وشعشلچ
GS__1496.JPG,"1361,1451,1483,1515","1422,1483",ي ن وا
GS__1497.JPG,"1314,1447,1562,1513","1438,1480",بدون معامسی دارد لسویر
GS__1501.JPG,"3458,1230,3674,1321","3566,1275",هچپواچ ملاث أى٣٤
GS__1502.JPG,"3876,1275,3967,1312","3921,1293",ز$9٤٥
GS__1503.JPG,"4694,1338,4858,1429","4776,1383",ا٥٢ أىم٩ 
GS__1512.JPG,"4854,1668,4933,1688","4893,1678",57
GS__1517.JPG,"1624,1558,1736,1594","1680,1576","61""}18771"
GS__1525.JPG,"3835,1423,3877,1470","3856,1446",٤٤
GS__1525.JPG,"3950,1427,4128,1518","4039,1472",٤٤ ( ١ ٤٤
GS__1531.JPG,"4495,1548,4589,1591","4542,1569",ابیاتهرواس
GS__1533.JPG,"1805,603,1905,931","1855,767",نا ١ نا ٤
GS__1534.JPG,"699,735,782,1075","740,905",ك } } 9
GS__1534.JPG,"1214,1260,1476,1349","1345,1304",زیبایی کل آرا
GS__1547.JPG,"374,812,452,868","413,840",7
GS__1552.JPG,"832,1479,968,1522","900,1500",٥٥٥ ٥٢٠٦٥
GS__1552.JPG,"882,1547,929,1574","905,1560", ٢
GS__1553.JPG,"4225,625,4542,825","4383,725",٤ ٤
GS__1557.JPG,"1448,1484,1504,1504","1476,1494",آ
GS__1573.JPG,"4136,868,4345,917","4240,892",سثن ن>
GS__1573.JPG,"4383,902,4481,939","4432,920",ثپ
GS__1573.JPG,"4153,1092,4359,1163","4256,1127",٤ ٤٤٤٤ذ٥
GS__1574.JPG,"3634,1091,3732,1158","3683,1124",سالن زيبای ٨٨
GS__1586.JPG,"1902,716,2453,1021","2177,868",= 3
GS__1589.JPG,"4437,1372,4783,1597","4610,1484",٨٢
GS__1590.JPG,"3987,1373,4081,1430","4034,1401",٤7
GS__1596.JPG,"2198,1330,2265,1361","2231,1345",چ٣ج٤
GS__1596.JPG,"1917,568,2239,810","2078,689",؟٤ ٦
GS__1602.JPG,"5238,778,5313,967","5275,872",?
GS__1603.JPG,"5437,1018,5475,1164","5456,1091",ِ
GS__1605.JPG,"3867,1311,3958,1348","3912,1329",رنبان دربابی
GS__1606.JPG,"2378,1294,2450,1325","2414,1309",?احارکت
GS__1607.JPG,"2420,1295,2494,1315","2457,1305",؟ مارلت
GS__1607.JPG,"2207,1303,2292,1334","2249,1318",ر؟&
GS__1607.JPG,"3883,1274,3963,1311","3923,1292",٧ر٥
GS__1608.JPG,"2373,1189,2487,1227","2430,1208",م9ی مارکت
GS__1608.JPG,"2102,1212,2208,1272","2155,1242",0مارکق 
GS__1608.JPG,"4551,1333,4741,1373","4646,1353",زيبايى  خودرو مانتل '؟1٥٨
GS__1608.JPG,"4539,1421,4600,1441","4569,1431",انک بن
GS__1609.JPG,"2020,1133,2201,1215","2110,1174",فساركت `385
GS__1609.JPG,"5237,1461,5370,1496","5303,1478",زیبایی   خودره مانت
GS__1611.JPG,"1811,1194,1982,1284","1896,1239",ان اکسپرس ٨٤ 
GS__1614.JPG,"1793,1212,1953,1284","1873,1248",08> ٤
GS__1615.JPG,"954,1265,1196,1385","1075,1325",گل 084
GS__1616.JPG,"2448,1203,2568,1279","2508,1241",أآل٥
GS__1616.JPG,"1479,1311,1583,1359","1531,1335",9ما9 اث
GS__1617.JPG,"758,1411,816,1442","787,1426",سادان
GS__1618.JPG,"716,1238,926,1335","821,1286",الأماة
GS__1620.JPG,"1099,1432,1191,1470","1145,1451",لیلانجاءملآ
GS__1622.JPG,"2987,1007,3078,1048","3032,1027",تزحاشان گه
GS__1623.JPG,"3053,807,3174,928","3113,867",( تروهحاشائ ذُنانا
GS__1624.JPG,"3323,677,3471,817","3397,747", كرومخاشافذنان
GS__1625.JPG,"3542,467,3757,659","3649,563",١ روعشاذاذان
GS__1627.JPG,"745,1483,854,1536","799,1509",بوشا ٢٥ ٢١ ٠ ٠٩ 4٢٢
GS__1631.JPG,"3272,1220,3347,1277","3309,1248",اٰٰ ار
GS__1632.JPG,"1536,1371,1683,1486","1609,1428",تتراطاذ راو1 بازاز ضزل لا  کاء عإارز پك 4 مه بت - اظنب ور
GS__1632.JPG,"3675,1177,3919,1320","3797,1248",أفه ا 
GS__1635.JPG,"3571,668,3628,706","3599,687",ت
GS__1643.JPG,"2081,1231,2135,1257","2108,1244", ٩5
GS__1644.JPG,"1259,1169,1768,1292","1513,1230",رباریت پامچال ف 
GS__1645.JPG,"918,1328,1002,1358","960,1343",36099683|
GS__1648.JPG,"3841,1285,3921,1316","3881,1300",بى ٤٤
GS__1649.JPG,"3688,1314,4020,1508","3854,1411",//1
GS__1651.JPG,"3548,1280,3579,1401","3563,1340",
GS__1656.JPG,"1623,885,1670,905","1646,895",7
GS__1658.JPG,"1060,894,1255,951","1157,922",کروء -ا حعای اه0 ٤
GS__1671.JPG,"1676,1297,1824,1357","1750,1327",ا؟أنللاي 
GS__1672.JPG,"718,1401,824,1450","771,1425",پالالاي ؤز
GS__1674.JPG,"1461,1393,1531,1435","1496,1414",ف!'نبظ
GS__1676.JPG,"4206,561,4737,1131","4471,846",م
GS__1679.JPG,"1767,1263,1855,1306","1811,1284",٢٦٠٤٥٩٩٤ جعد ز ادم
GS__1679.JPG,"1880,1268,1963,1313","1921,1290",بابا
GS__1679.JPG,"1546,1388,1590,1415","1568,1401",08
GS__1679.JPG,"1658,1397,1766,1428","1712,1412",هایپرعلی بابا
GS__1680.JPG,"879,1360,952,1398","915,1379",هسالر
GS__1680.JPG,"1004,1332,1277,1385","1140,1358",ماچوعلی بابا
GS__1680.JPG,"639,1392,700,1436","669,1414",٢٤٠٤٥٩٩٤ حیدزاد:
GS__1681.JPG,"3878,1154,4113,1212","3995,1183",نیک برق وکولر خودروا دلسؤن
GS__1681.JPG,"3714,1221,3778,1258","3746,1239",چوِلیلای
GS__1681.JPG,"3905,1335,3934,1355","3919,1345",٥د
GS__1682.JPG,"3545,1147,3661,1276","3603,1211",00 عابربانگ / قهو آ
GS__1682.JPG,"4437,1238,4661,1313","4549,1275",جلوبندی امیر مقحع
GS__1682.JPG,"1762,1379,1829,1410","1795,1394",؟٥١٧خ
GS__1683.JPG,"3747,1225,3964,1294","3855,1259",قنظیوم پغار9 ٧37٤1
GS__1683.JPG,"4095,1242,4211,1291","4153,1266",سیم کشی
GS__1683.JPG,"4262,1121,4925,1352","4593,1236",س666 دارکق 0915&0030  کامل / /من کارت  ررأيکه 7 عابربانک / قهوه اسپرسو | پروتئینی صه  ث 
GS__1683.JPG,"1082,1411,1136,1442","1109,1426",٧5|؟
GS__1684.JPG,"3695,1211,3921,1307","3808,1259",سرویس دضسا روغن اتومبيل داى ابرانى وخارج گىربك اتومان ٥٠٥٠٢
GS__1684.JPG,"3962,1157,4245,1283","4103,1220",گلاستمی گ
GS__1684.JPG,"4026,1317,4281,1396","4153,1356",ئ٤؟ر٩آ
GS__1684.JPG,"4988,1309,5215,1416","5101,1362",}ا٥إ؟ا الزولا ئقژ٣ر شم مر بخادق
GS__1684.JPG,"660,1421,703,1441","681,1431",٥١٧5ت
GS__1685.JPG,"2775,1226,2957,1278","2866,1252",ثذسدد ولينو 7
GS__1685.JPG,"4161,1245,4249,1265","4205,1255",بك آءمان
GS__1685.JPG,"4247,1214,4692,1335","4469,1274",ترولر اتو سرویس د تعويض روغق اتومیيل شاى اثیواتی وخارجی اترنر را
GS__1686.JPG,"3635,1183,3740,1251","3687,1217",هتین
GS__1686.JPG,"1155,1222,1383,1388","1269,1305",خلمق غغلفنا ن٢ا اا_ !١٧ إ؛ر ٢،ا٠ 233
GS__1686.JPG,"1261,1468,1326,1506","1293,1487",ثارژکر
GS__1686.JPG,"4152,1184,4257,1246","4204,1215",كشاءانا
GS__1687.JPG,"1816,1415,1856,1446","1836,1430",^$
GS__1690.JPG,"3484,978,3593,1031","3538,1004",0413
GS__1694.JPG,"1109,1384,1185,1415","1147,1399",؟9
GS__1694.JPG,"4636,1411,4740,1442","4688,1426",گروه ساختمانی
GS__1694.JPG,"1107,1467,1288,1540","1197,1503",جالكم 320چ !4525
GS__1694.JPG,"1219,1368,1303,1407","1261,1387",؟0?
GS__1696.JPG,"1199,1293,1379,1379","1289,1336",اگا
GS__1702.JPG,"473,716,778,985","625,850",0
GS__1706.JPG,"4372,1442,4554,1614","4463,1528",خ چ | ?) @
GS__1709.JPG,"2005,1415,2094,1446","2049,1430",٠٩١٥٨٥٧٤٣٥
GS__1709.JPG,"1517,1449,1592,1498","1554,1473",666
GS__1710.JPG,"4726,1650,4830,1699","4778,1674",١٢٠٤٧؟٠٨١٥
GS__1711.JPG,"4634,1439,4739,1499","4686,1469",؟٥٧
GS__1735.JPG,"5299,898,5374,996","5336,947",٣
GS__1735.JPG,"3968,1556,4095,1601","4031,1578",٠٩١٥٦٥٠٠٠١٢
GS__1738.JPG,"3346,1366,3417,1392","3381,1379",٥٥٥
GS__1745.JPG,"750,948,834,1023","792,985",اا
GS__1745.JPG,"777,1328,910,1423","843,1375",مشما
GS__1754.JPG,"1639,1165,1783,1230","1711,1197",نازگ
GS__1756.JPG,"3567,1186,3696,1261","3631,1223",رایشگاه .
GS__1757.JPG,"4737,1337,4957,1457","4847,1397",آوایشگاه ل7
GS__1759.JPG,"1640,1055,1671,1104","1655,1079",(
GS__1762.JPG,"2414,1086,2521,1163","2467,1124",اامارئت ]
GS__1763.JPG,"952,1187,1272,1315","1112,1251",|9 امآرکت
GS__1763.JPG,"251,1440,336,1494","293,1467",طباطبائی
GS__1764.JPG,"2788,1127,2909,1154","2848,1140",زيبايئ   خودرو  مالتل
GS__1764.JPG,"554,1409,724,1481","639,1445",نور مارکت ٢٠٩١٥٠٧٥
GS__1764.JPG,"100,1450,274,1547","187,1498",  مارثت
GS__1765.JPG,"3928,1132,4120,1231","4024,1181",مانتل  خودرو زیبایح
GS__1772.JPG,"3491,1136,3646,1220","3568,1178",5لئ٧| ٤11445=7 01|47573 ٠٥١٧٦٥٢٢
GS__1773.JPG,"4615,1247,4874,1390","4744,1318",چدف لاتومپیل خلمات ولگ لچاوگرا د بودخگیلاالی دیلثی ٥٢٠٢٠ ٥٥٥٥٥٧
GS__1780.JPG,"1196,1376,1267,1412","1231,1394",فبلمان خلله
GS__1783.JPG,"3365,620,3475,635","3420,627",اا٨د  ا بدم
GS__1783.JPG,"3303,545,3389,596","3346,570",آه
GS__1784.JPG,"1478,349,1941,897","1709,623",٨_
GS__1792.JPG,"3968,1327,4068,1391","4018,1359",٥؟
GS__1795.JPG,"5303,920,5339,947","5321,933",[3
GS__1795.JPG,"5411,885,5512,925","5461,905",كروهساخمانى
GS__1796.JPG,"5534,1025,5608,1045","5571,1035",رودساختمانى
GS__1799.JPG,"924,1509,1078,1551","1001,1530",ساز ٠٣٦٥١١١٣
GS__1814.JPG,"3802,1100,3989,1205","3895,1152",زیبایی آرا حسینیور
GS__1815.JPG,"5035,1358,5108,1422","5071,1390",ٰرزا د
GS__1819.JPG,"3908,637,4110,668","4009,652",;77==_=