file_name,detected_text,bbox,center_coordinates,azimuth,longitude,latitude,parcel_name
GS__1430,تاپ سپستم مه ت,"3659,1159,3799,1229","3729,1194",334.0625,59.51335819444444,36.33806411111112,['11-04-066-0001-001']
GS__1431,راری 1 چلال,"984,1328,1187,1437","1085,1382",348.8125,59.51355319444444,36.338033,
GS__1431,,"4364,1226,4573,1338","4468,1282",200.25,59.51355319444444,36.338033,['11-04-075-0007']
GS__1431,شثیر ،٨٢٩٨,"779,1357,893,1482","836,1419",333.25,59.51355319444444,36.338033,['11-04-066-0037']
GS__1432,٧٧؟ `,"523,1559,646,1638","584,1598",318.5,59.51366180555556,36.33801480555556,['11-04-075-0006']
GS__1434,لعانخان راء,"4145,1340,4237,1370","4191,1355",181.9375,59.513826305555554,36.33800661111111,
GS__1438,١٨٨٨ ١,"3387,1322,3448,1342","3417,1332",136.5625,59.51423211111111,36.337929,['11-04-075-0012']
GS__1440,امام,"4635,1377,4720,1430","4677,1403",218.3125,59.5144365,36.33787788888889,['11-04-075-0014']
GS__1440, ابنانی و,"4735,1522,4809,1555","4772,1538",224.25,59.5144365,36.33787788888889,['11-04-075-0013']
GS__1444,تکیدان,"4633,1406,4700,1437","4666,1421",218.625,59.51480380555556,36.33780838888889,
GS__1447,700(>,"3546,1305,3676,1358","3611,1331",145.6875,59.51515561111111,36.33773180555556,['11-04-067-0040']
GS__1448,4 7,"3865,313,4105,416","3985,364",173.0625,59.51529411111111,36.337703000000005,['11-04-074-0002']
GS__1448,٥٣,"4864,1474,4988,1552","4926,1513",231.875,59.51529411111111,36.337703000000005,
GS__1451,ومرمهق هکرن,"4662,1365,4901,1457","4781,1411",221.8125,59.51569611111111,36.337632500000005,['11-04-067-0034']
GS__1458,خغه ٤٢,"4434,1328,4561,1403","4497,1365",209.0625,59.5165885,36.33746419444444,['11-04-067-0022-001']
GS__1491,ژل,"3913,1033,3993,1064","3953,1048",80.0625,59.52023080555556,36.33721680555556,
GS__1493,مقا,"4358,1014,4460,1063","4409,1038",108.5625,59.520277694444445,36.33738080555556,
GS__1494,وشعشلچ,"4582,1036,4683,1090","4632,1063",121.5,59.520304,36.33747638888889,['11-04-058-0016']
GS__1496,ي ن وا,"1361,1451,1483,1515","1422,1483",282.875,59.520361305555554,36.33766338888889,['11-04-057-0001']
GS__1497,بدون معامسی دارد لسویر,"1314,1447,1562,1513","1438,1480",279.875,59.52038361111111,36.33777011111111,['11-04-058-0016']
GS__1501,هچپواچ ملاث أى٣٤,"3458,1230,3674,1321","3566,1275",54.875,59.520470805555554,36.33811580555556,
GS__1502,ز$9٤٥,"3876,1275,3967,1312","3921,1293",79.0625,59.52049519444444,36.33819311111111,
GS__1503,ا٥٢ أىم٩ ,"4694,1338,4858,1429","4776,1383",131.5,59.52051988888888,36.33827780555556,['11-04-056-0001-001']
GS__1512,57,"4854,1668,4933,1688","4893,1678",137.8125,59.520764388888885,36.33914738888889,['11-04-047-0002-002']
GS__1517,"61""}18771","1624,1558,1736,1594","1680,1576",207.0,59.520451888888886,36.339374694444444,
GS__1525,٤٤,"3835,1423,3877,1470","3856,1446",344.0,59.519471,36.33959169444445,['11-04-048-0006-001']
GS__1525,٤٤ ( ١ ٤٤,"3950,1427,4128,1518","4039,1472",355.4375,59.519471,36.33959169444445,
GS__1531,ابیاتهرواس,"4495,1548,4589,1591","4542,1569",22.875,59.5187306,36.33973319444445,['11-04-049-0016']
GS__1533,نا ١ نا ٤,"1805,603,1905,931","1855,767",214.9375,59.5184948,36.33977030555556,['11-04-041-0012-003']
GS__1534,ك } } 9,"699,735,782,1075","740,905",147.25,59.5183572,36.33979088888889,
GS__1534,زیبایی کل آرا,"1214,1260,1476,1349","1345,1304",185.0625,59.5183572,36.33979088888889,
GS__1547,7,"374,812,452,868","413,840",124.8125,59.5167296,36.340089194444445,
GS__1552,٥٥٥ ٥٢٠٦٥,"832,1479,968,1522","900,1500",163.25,59.516036694444445,36.34020988888889,
GS__1552, ٢,"882,1547,929,1574","905,1560",163.5625,59.516036694444445,36.34020988888889,['11-04-040-0001-001']
GS__1553,٤ ٤,"4225,625,4542,825","4383,725",16.9375,59.515865,36.34024138888889,['11-04-050-0003']
GS__1557,آ,"1448,1484,1504,1504","1476,1494",194.25,59.51517680555556,36.34036569444444,
GS__1573,سثن ن>,"4136,868,4345,917","4240,892",277.0,59.51541380555555,36.339461,
GS__1573,ثپ,"4383,902,4481,939","4432,920",289.0,59.51541380555555,36.339461,['11-04-053-0002']
GS__1573,٤ ٤٤٤٤ذ٥,"4153,1092,4359,1163","4256,1127",278.0,59.51541380555555,36.339461,
GS__1574,سالن زيبای ٨٨,"3634,1091,3732,1158","3683,1124",242.1875,59.5153875,36.33936080555556,['11-04-052-0023']
GS__1586,= 3,"1902,716,2453,1021","2177,868",419.0625,59.51548230555556,36.3383845,['11-04-067-0004-001']
GS__1589,٨٢,"4437,1372,4783,1597","4610,1484",211.125,59.51588330555556,36.338307694444445,
GS__1590,٤7,"3987,1373,4081,1430","4034,1401",177.125,59.51602119444444,36.33827880555556,['11-04-064-0032-002']
GS__1596,چ٣ج٤,"2198,1330,2265,1361","2231,1345",425.4375,59.5168828,36.33810530555556,
GS__1596,؟٤ ٦,"1917,568,2239,810","2078,689",415.875,59.5168828,36.33810530555556,
GS__1602,?,"5238,778,5313,967","5275,872",251.6875,59.5177537,36.33794838888889,['11-04-063-0025']
GS__1603,ِ,"5437,1018,5475,1164","5456,1091",263.0,59.5179105,36.33792238888889,['11-04-068-0015-001']
GS__1605,رنبان دربابی,"3867,1311,3958,1348","3912,1329",169.5,59.5182385,36.3378555,
GS__1606,?احارکت,"2378,1294,2450,1325","2414,1309",432.875,59.5183602,36.33783488888889,
GS__1607,؟ مارلت,"2420,1295,2494,1315","2457,1305",437.5625,59.518448,36.33781730555556,['11-04-068-0020']
GS__1607,ر؟&,"2207,1303,2292,1334","2249,1318",424.5625,59.518448,36.33781730555556,
GS__1607,٧ر٥,"3883,1274,3963,1311","3923,1292",169.1875,59.518448,36.33781730555556,
GS__1608,م9ی مارکت,"2373,1189,2487,1227","2430,1208",436.875,59.5185353,36.33779861111111,
GS__1608,0مارکق ,"2102,1212,2208,1272","2155,1242",419.6875,59.5185353,36.33779861111111,
GS__1608,زيبايى  خودرو مانتل '؟1٥٨,"4551,1333,4741,1373","4646,1353",215.375,59.5185353,36.33779861111111,['11-04-063-0020']
GS__1608,انک بن,"4539,1421,4600,1441","4569,1431",210.5625,59.5185353,36.33779861111111,
GS__1609,فساركت `385,"2020,1133,2201,1215","2110,1174",418.875,59.5186567,36.33776830555556,
GS__1609,زیبایی   خودره مانت,"5237,1461,5370,1496","5303,1478",258.4375,59.5186567,36.33776830555556,['11-04-062-0001']
GS__1611,ان اکسپرس ٨٤ ,"1811,1194,1982,1284","1896,1239",397.5,59.518941,36.337721388888895,['11-04-062-0012']
GS__1614,08> ٤,"1793,1212,1953,1284","1873,1248",399.0625,59.5192817,36.33766011111111,
GS__1615,گل 084,"954,1265,1196,1385","1075,1325",351.1875,59.5193877,36.33763869444444,
GS__1616,أآل٥,"2448,1203,2568,1279","2508,1241",439.75,59.51953019444444,36.33761319444445,
GS__1616,9ما9 اث,"1479,1311,1583,1359","1531,1335",378.6875,59.51953019444444,36.33761319444445,['11-04-060-0007']
GS__1617,سادان,"758,1411,816,1442","787,1426",331.1875,59.5196525,36.3375915,['11-04-069-0001']
GS__1618,الأماة,"716,1238,926,1335","821,1286",333.3125,59.51979980555556,36.33756638888889,['11-04-058-0017']
GS__1620,لیلانجاءملآ,"1099,1432,1191,1470","1145,1451",354.5625,59.52003430555556,36.33752011111111,
GS__1622,تزحاشان گه,"2987,1007,3078,1048","3032,1027",111.5,59.52027061111111,36.3374785,
GS__1623,( تروهحاشائ ذُنانا,"3053,807,3174,928","3113,867",117.5625,59.520385,36.3374565,
GS__1624, كرومخاشافذنان,"3323,677,3471,817","3397,747",133.3125,59.52047730555555,36.33744219444445,['11-04-057-0001']
GS__1625,١ روعشاذاذان,"3542,467,3757,659","3649,563",145.0625,59.52059730555556,36.33743011111111,['11-04-057-0032-001']
GS__1627,بوشا ٢٥ ٢١ ٠ ٠٩ 4٢٢,"745,1483,854,1536","799,1509",332.9375,59.520896888888885,36.33737680555556,
GS__1631,اٰٰ ار,"3272,1220,3347,1277","3309,1248",127.8125,59.521414694444445,36.33728461111112,['11-04-057-0024']
GS__1632,تتراطاذ راو1 بازاز ضزل لا  کاء عإارز پك 4 مه بت - اظنب ور,"1536,1371,1683,1486","1609,1428",384.5625,59.5215125,36.337265,['11-04-057-0020-002']
GS__1632,أفه ا ,"3675,1177,3919,1320","3797,1248",161.3125,59.5215125,36.337265,['11-04-070-0014']
GS__1635,ت,"3571,668,3628,706","3599,687",328.9375,59.52014061111111,36.33815611111111,['11-04-055-0028']
GS__1643, ٩5,"2081,1231,2135,1257","2108,1244",232.75,59.5192311,36.3383265,['11-04-055-0036']
GS__1644,رباریت پامچال ف ,"1259,1169,1768,1292","1513,1230",197.5625,59.5191255,36.338346694444446,
GS__1645,36099683|,"918,1328,1002,1358","960,1343",162.0,59.5189924,36.33837030555556,['11-04-062-0012']
GS__1648,بى ٤٤,"3841,1285,3921,1316","3881,1300",345.5625,59.5186609,36.3384305,
GS__1649,//1,"3688,1314,4020,1508","3854,1411",343.875,59.5185095,36.33845961111111,['11-04-063-0018']
GS__1651,,"3548,1280,3579,1401","3563,1340",325.6875,59.518205,36.33851219444445,['11-04-063-0017']
GS__1656,7,"1623,885,1670,905","1646,895",205.875,59.5172546,36.338683,['11-04-063-0003']
GS__1658,کروء -ا حعای اه0 ٤,"1060,894,1255,951","1157,922",172.3125,59.5170279,36.338716000000005,
GS__1671,ا؟أنللاي ,"1676,1297,1824,1357","1750,1327",210.375,59.51506111111111,36.339072,
GS__1672,پالالاي ؤز,"718,1401,824,1450","771,1425",149.1875,59.5149115,36.33909480555556,['11-04-065-0017']
GS__1674,ف!'نبظ,"1461,1393,1531,1435","1496,1414",194.5,59.514567,36.33914911111111,
GS__1676,م,"4206,561,4737,1131","4471,846",21.4375,59.51425280555556,36.339203000000005,['11-04-052-0036']
GS__1679,٢٦٠٤٥٩٩٤ جعد ز ادم,"1767,1263,1855,1306","1811,1284",214.1875,59.51380069444444,36.33927369444445,['11-04-052-0037-002']
GS__1679,بابا,"1880,1268,1963,1313","1921,1290",221.0625,59.51380069444444,36.33927369444445,['11-04-052-0001-002']
GS__1679,08,"1546,1388,1590,1415","1568,1401",199.0,59.51380069444444,36.33927369444445,['11-04-065-0004']
GS__1679,هایپرعلی بابا,"1658,1397,1766,1428","1712,1412",208.0,59.51380069444444,36.33927369444445,['11-04-052-0037-002']
GS__1680,هسالر,"879,1360,952,1398","915,1379",163.1875,59.513691305555554,36.33929861111111,
GS__1680,ماچوعلی بابا,"1004,1332,1277,1385","1140,1358",177.25,59.513691305555554,36.33929861111111,
GS__1680,٢٤٠٤٥٩٩٤ حیدزاد:,"639,1392,700,1436","669,1414",147.8125,59.513691305555554,36.33929861111111,
GS__1681,نیک برق وکولر خودروا دلسؤن,"3878,1154,4113,1212","3995,1183",47.6875,59.51365111111111,36.339380000000006,
GS__1681,چوِلیلای,"3714,1221,3778,1258","3746,1239",32.125,59.51365111111111,36.339380000000006,['11-04-052-0001-002']
GS__1681,٥د,"3905,1335,3934,1355","3919,1345",42.9375,59.51365111111111,36.339380000000006,
GS__1682,00 عابربانگ / قهو آ,"3545,1147,3661,1276","3603,1211",55.1875,59.51368030555555,36.33951619444445,
GS__1682,جلوبندی امیر مقحع,"4437,1238,4661,1313","4549,1275",114.3125,59.51368030555555,36.33951619444445,
GS__1682,؟٥١٧خ,"1762,1379,1829,1410","1795,1394",302.1875,59.51368030555555,36.33951619444445,['11-04-052-0004-001']
GS__1683,قنظیوم پغار9 ٧37٤1,"3747,1225,3964,1294","3855,1259",74.9375,59.51372238888889,36.33965588888889,['11-04-052-0001-003']
GS__1683,سیم کشی,"4095,1242,4211,1291","4153,1266",93.5625,59.51372238888889,36.33965588888889,['11-04-052-0001-003']
GS__1683,س666 دارکق 0915&0030  کامل / /من کارت  ررأيکه 7 عابربانک / قهوه اسپرسو | پروتئینی صه  ث ,"4262,1121,4925,1352","4593,1236",121.0625,59.51372238888889,36.33965588888889,
GS__1683,٧5|؟,"1082,1411,1136,1442","1109,1426",263.3125,59.51372238888889,36.33965588888889,['11-04-052-0001-003']
GS__1684,سرویس دضسا روغن اتومبيل داى ابرانى وخارج گىربك اتومان ٥٠٥٠٢,"3695,1211,3921,1307","3808,1259",71.0,59.51376338888889,36.33979530555556,
GS__1684,گلاستمی گ,"3962,1157,4245,1283","4103,1220",89.4375,59.51376338888889,36.33979530555556,
GS__1684,ئ٤؟ر٩آ,"4026,1317,4281,1396","4153,1356",92.5625,59.51376338888889,36.33979530555556,
GS__1684,}ا٥إ؟ا الزولا ئقژ٣ر شم مر بخادق,"4988,1309,5215,1416","5101,1362",151.8125,59.51376338888889,36.33979530555556,
GS__1684,٥١٧5ت,"660,1421,703,1441","681,1431",235.5625,59.51376338888889,36.33979530555556,
GS__1685,ثذسدد ولينو 7,"2775,1226,2957,1278","2866,1252",387.125,59.51383669444444,36.33990438888889,
GS__1685,بك آءمان,"4161,1245,4249,1265","4205,1255",110.8125,59.51383669444444,36.33990438888889,
GS__1685,ترولر اتو سرویس د تعويض روغق اتومیيل شاى اثیواتی وخارجی اترنر را,"4247,1214,4692,1335","4469,1274",127.3125,59.51383669444444,36.33990438888889,
GS__1686,هتین,"3635,1183,3740,1251","3687,1217",147.4375,59.51396288888889,36.3398915,
GS__1686,خلمق غغلفنا ن٢ا اا_ !١٧ إ؛ر ٢،ا٠ 233,"1155,1222,1383,1388","1269,1305",356.3125,59.51396288888889,36.3398915,['11-04-052-0004-004']
GS__1686,ثارژکر,"1261,1468,1326,1506","1293,1487",357.8125,59.51396288888889,36.3398915,
GS__1686,كشاءانا,"4152,1184,4257,1246","4204,1215",179.75,59.51396288888889,36.3398915,
GS__1687,^$,"1816,1415,1856,1446","1836,1430",398.75,59.51407030555556,36.3398705,
GS__1690,0413,"3484,978,3593,1031","3538,1004",144.125,59.51449111111111,36.33979569444445,
GS__1694,؟9,"1109,1384,1185,1415","1147,1399",353.6875,59.515062,36.33968711111111,['11-04-051-0025-001']
GS__1694,گروه ساختمانی,"4636,1411,4740,1442","4688,1426",215.0,59.515062,36.33968711111111,['11-04-051-0024']
GS__1694,جالكم 320چ !4525,"1107,1467,1288,1540","1197,1503",356.8125,59.515062,36.33968711111111,['11-04-052-0019']
GS__1694,؟0?,"1219,1368,1303,1407","1261,1387",360.8125,59.515062,36.33968711111111,
GS__1696,اگا,"1199,1293,1379,1379","1289,1336",360.5625,59.5153485,36.3396465,['11-04-051-0023']
GS__1702,0,"473,716,778,985","625,850",319.0625,59.51639138888889,36.33946311111112,['11-04-053-0011']
GS__1706,خ چ | ?) @,"4372,1442,4554,1614","4463,1528",200.9375,59.5170214,36.33935511111111,
GS__1709,٠٩١٥٨٥٧٤٣٥,"2005,1415,2094,1446","2049,1430",408.0625,59.5174451,36.33928111111111,
GS__1709,666,"1517,1449,1592,1498","1554,1473",377.125,59.5174451,36.33928111111111,
GS__1710,١٢٠٤٧؟٠٨١٥,"4726,1650,4830,1699","4778,1674",221.625,59.5175586,36.33925961111111,['11-04-049-0039-001']
GS__1711,؟٥٧,"4634,1439,4739,1499","4686,1469",214.875,59.5176484,36.33924430555556,['11-04-049-0035']
GS__1735,٣,"5299,898,5374,996","5336,947",254.5,59.52110169444445,36.33862930555556,
GS__1735,٠٩١٥٦٥٠٠٠١٢,"3968,1556,4095,1601","4031,1578",172.9375,59.52110169444445,36.33862930555556,
GS__1738,٥٥٥,"3346,1366,3417,1392","3381,1379",133.3125,59.521644888888886,36.338532,['11-04-047-0019']
GS__1745,اا,"750,948,834,1023","792,985",59.5,59.5191216,36.33978030555556,['11-04-042-0010']
GS__1745,مشما,"777,1328,910,1423","843,1375",62.6875,59.5191216,36.33978030555556,['11-04-044-0001']
GS__1754,نازگ,"1639,1165,1783,1230","1711,1197",116.9375,59.5188813,36.33888411111111,
GS__1756,رایشگاه .,"3567,1186,3696,1261","3631,1223",238.9375,59.5188102,36.33863138888889,['11-04-055-0002-001']
GS__1757,آوایشگاه ل7,"4737,1337,4957,1457","4847,1397",314.9375,59.518785,36.33853388888889,
GS__1759,(,"1640,1055,1671,1104","1655,1079",115.4375,59.5187457,36.3383715,['11-04-054-0020-002']
GS__1762,اامارئت ],"2414,1086,2521,1163","2467,1124",166.1875,59.5186549,36.338040694444445,['11-04-063-0020']
GS__1763,|9 امآرکت,"952,1187,1272,1315","1112,1251",82.5,59.5186132,36.337891194444445,
GS__1763,طباطبائی,"251,1440,336,1494","293,1467",31.3125,59.5186132,36.337891194444445,['11-04-062-0011']
GS__1764,زيبايئ   خودرو  مالتل,"2788,1127,2909,1154","2848,1140",192.0,59.5185878,36.3378085,
GS__1764,نور مارکت ٢٠٩١٥٠٧٥,"554,1409,724,1481","639,1445",53.9375,59.5185878,36.3378085,
GS__1764,  مارثت,"100,1450,274,1547","187,1498",25.6875,59.5185878,36.3378085,['11-04-062-0001']
GS__1765,مانتل  خودرو زیبایح,"3928,1132,4120,1231","4024,1181",262.5,59.5185524,36.337665388888894,
GS__1772,5لئ٧| ٤11445=7 01|47573 ٠٥١٧٦٥٢٢,"3491,1136,3646,1220","3568,1178",236.0,59.5183077,36.33679488888889,['11-04-073-0019-001']
GS__1773,چدف لاتومپیل خلمات ولگ لچاوگرا د بودخگیلاالی دیلثی ٥٢٠٢٠ ٥٥٥٥٥٧,"4615,1247,4874,1390","4744,1318",309.5,59.5182773,36.336688,
GS__1780,فبلمان خلله,"1196,1376,1267,1412","1231,1394",179.9375,59.51664930555555,36.33688780555556,
GS__1783,اا٨د  ا بدم,"3365,620,3475,635","3420,627",46.75,59.516618,36.33714488888889,['11-04-074-0020']
GS__1783,آه,"3303,545,3389,596","3346,570",42.125,59.516618,36.33714488888889,
GS__1784,٨_,"1478,349,1941,897","1709,623",298.8125,59.516646,36.33724930555556,['11-04-074-0020']
GS__1792,٥؟,"3968,1327,4068,1391","4018,1359",83.125,59.5169006,36.3381845,
GS__1795,[3,"5303,920,5339,947","5321,933",162.5625,59.5170305,36.33866530555556,['11-04-063-0002']
GS__1795,كروهساخمانى,"5411,885,5512,925","5461,905",171.3125,59.5170305,36.33866530555556,
GS__1796,رودساختمانى,"5534,1025,5608,1045","5571,1035",179.1875,59.5170548,36.33876580555556,
GS__1799,ساز ٠٣٦٥١١١٣,"924,1509,1078,1551","1001,1530",257.5625,59.5171668,36.339151694444446,['11-04-054-0002']
GS__1814,زیبایی آرا حسینیور,"3802,1100,3989,1205","3895,1152",257.4375,59.51536988888889,36.33932319444445,['11-04-053-0002']
GS__1815,ٰرزا د,"5035,1358,5108,1422","5071,1390",329.9375,59.5153295,36.33918588888889,['11-04-052-0023']
GS__1819,;77==_=,"3908,637,4110,668","4009,652",266.5625,59.51518519444444,36.3386915,['11-04-065-0019']
