file_name,detected_text,confidence,top_left,bottom_right,center_coordinates
GS__1430.JPG,تاپ سپستم,0.690097221927202,"(3669, 1159)","(3790, 1225)","(3729, 1192)"
GS__1431.JPG,عوچر,0.15935534238815308,"(782, 1358)","(873, 1427)","(827, 1392)"
GS__1431.JPG, چلال,0.46306464542719017,"(985, 1363)","(1062, 1431)","(1023, 1397)"
GS__1431.JPG,7,0.0975635309163545,"(1449, 2421)","(1849, 2578)","(1649, 2499)"
GS__1431.JPG,57,0.1409387582721599,"(4253, 1185)","(4368, 1290)","(4310, 1237)"
GS__1431.JPG,I,0.6170683853929972,"(4365, 1213)","(4560, 1344)","(4462, 1278)"
GS__1431.JPG,'67|,0.13967905938625336,"(1037, 1357)","(1176, 1399)","(1106, 1378)"
GS__1431.JPG,،٨٨٩٨,0.09887129262989146,"(778, 1429)","(894, 1467)","(836, 1448)"
GS__1431.JPG,=,0.24442952762626735,"(2392, 2350)","(2699, 2417)","(2545, 2383)"
GS__1432.JPG,,0.0,"(2423, 2311)","(2661, 2445)","(2542, 2378)"
GS__1432.JPG,٧؛٧ `,0.5353219001530544,"(523, 1586)","(624, 1617)","(573, 1601)"
GS__1432.JPG,/,0.14039663563412663,"(3541, 2164)","(3856, 2309)","(3698, 2236)"
GS__1433.JPG,,0.0,"(2383, 2302)","(2634, 2436)","(2508, 2369)"
GS__1433.JPG,,0.0,"(1460, 2410)","(1829, 2549)","(1644, 2479)"
GS__1433.JPG,قدفلفم,0.00903926699372069,"(4639, 2075)","(4725, 2224)","(4682, 2149)"
GS__1434.JPG,,0.0,"(3494, 2202)","(3661, 2293)","(3577, 2247)"
GS__1434.JPG,٩١٥١٢,0.872328248274027,"(5435, 1912)","(5516, 1955)","(5475, 1933)"
GS__1434.JPG,=,0.11882678694918525,"(2296, 2317)","(2652, 2389)","(2474, 2353)"
GS__1435.JPG,ثل٢٧٥٥یع٥,0.03300151808167659,"(4500, 1786)","(4625, 1827)","(4562, 1806)"
GS__1435.JPG,»,0.025386802471992986,"(1467, 2407)","(1827, 2524)","(1647, 2465)"
GS__1436.JPG,,0.0,"(2347, 2329)","(2679, 2395)","(2513, 2362)"
GS__1437.JPG,٧آب٢٤٢,0.5295299721465839,"(4958, 1794)","(5023, 1814)","(4990, 1804)"
GS__1437.JPG,,0.0,"(1449, 2381)","(1804, 2542)","(1626, 2461)"
GS__1437.JPG,,0.0,"(2357, 2321)","(2617, 2405)","(2487, 2363)"
GS__1438.JPG,١٨٨٨ ١,0.10765953143060797,"(3387, 1322)","(3448, 1342)","(3417, 1332)"
GS__1438.JPG,;2,0.037347101977439644,"(1454, 2358)","(1795, 2519)","(1624, 2438)"
GS__1438.JPG,7,0.23880706963876808,"(3471, 2177)","(3836, 2332)","(3653, 2254)"
GS__1440.JPG,امام,0.3963719015398431,"(4631, 1377)","(4720, 1430)","(4675, 1403)"
GS__1440.JPG,Pقلآ,0.010840997099876404,"(5511, 1727)","(5563, 1742)","(5537, 1734)"
GS__1440.JPG,پردبنانی ر ٣ِ -,0.1728366594531585,"(4720, 1520)","(4810, 1556)","(4765, 1538)"
GS__1440.JPG,ژاسام زُسان ',0.4606076474848129,"(4712, 1538)","(4795, 1583)","(4753, 1560)"
GS__1440.JPG,فا,0.0420227554856285,"(4784, 1688)","(4849, 1753)","(4816, 1720)"
GS__1440.JPG,,0.0,"(2300, 2324)","(2603, 2412)","(2451, 2368)"
GS__1441.JPG,<,0.24928567248929667,"(2912, 2192)","(3001, 2240)","(2956, 2216)"
GS__1442.JPG,,0.0,"(2358, 2313)","(2560, 2421)","(2459, 2367)"
GS__1442.JPG,,0.0,"(1454, 2381)","(1808, 2537)","(1631, 2459)"
GS__1443.JPG,-[.؟١-1,0.03180940190108552,"(3401, 1070)","(3448, 1090)","(3424, 1080)"
GS__1443.JPG,اار زئلی ز٨,0.017347460451223574,"(3445, 1060)","(3512, 1091)","(3478, 1075)"
GS__1443.JPG,ازا حظظ راو8 کی رای نبد,0.01179046936674098,"(3396, 1043)","(3542, 1042)","(3469, 1042)"
GS__1443.JPG,اخان خراحان ر,0.17447289804144978,"(3438, 1097)","(3508, 1112)","(3473, 1104)"
GS__1444.JPG,٥؛٨,0.13592051256462168,"(5434, 1523)","(5501, 1554)","(5467, 1538)"
GS__1446.JPG,تffffة٥آ5,0.022207060713045453,"(3352, 1542)","(3456, 1581)","(3404, 1561)"
GS__1446.JPG,f,0.5794845310270489,"(4148, 1557)","(4225, 1587)","(4186, 1572)"
GS__1447.JPG,5,0.06416121270803021,"(1449, 2367)","(1799, 2528)","(1624, 2447)"
GS__1447.JPG,200(4,0.02345321300615774,"(3549, 1295)","(3672, 1362)","(3610, 1328)"
GS__1447.JPG,/,0.24260730857702217,"(3476, 2170)","(3678, 2313)","(3577, 2241)"
GS__1447.JPG,=,0.16306669964951315,"(2324, 2308)","(2606, 2415)","(2465, 2361)"
GS__1448.JPG,چ,0.37656971691371055,"(3975, 352)","(4084, 394)","(4029, 373)"
GS__1448.JPG,,0.0,"(2393, 2307)","(2633, 2435)","(2513, 2371)"
GS__1448.JPG,٥ac٤,0.025155900046229362,"(4876, 1474)","(4974, 1554)","(4925, 1514)"
GS__1449.JPG,7,0.38270291951920754,"(1445, 2372)","(1826, 2537)","(1635, 2454)"
GS__1449.JPG,,0.0,"(2321, 2347)","(2781, 2349)","(2551, 2348)"
GS__1450.JPG,,0.0,"(1467, 2394)","(1781, 2555)","(1624, 2474)"
GS__1451.JPG,[EMfT,0.040721932326809554,"(3603, 1564)","(3704, 1606)","(3653, 1585)"
GS__1451.JPG,7,0.7268395205983893,"(1455, 2391)","(1834, 2536)","(1644, 2463)"
GS__1451.JPG,0303?9,0.016872369044142323,"(4676, 1367)","(4829, 1455)","(4752, 1411)"
GS__1451.JPG,لاتا .,0.048368929276003815,"(4676, 1409)","(4742, 1448)","(4709, 1428)"
GS__1451.JPG,٧٢ ٥٧٦٨ ٦٧,0.30270252604574494,"(4882, 1817)","(4942, 1866)","(4912, 1841)"
GS__1452.JPG,",2",0.013961661915252771,"(1449, 2367)","(1804, 2528)","(1626, 2447)"
GS__1452.JPG,,0.0,"(3485, 2176)","(3842, 2339)","(3663, 2257)"
GS__1453.JPG,,0.0,"(2379, 2303)","(2624, 2431)","(2501, 2367)"
GS__1453.JPG,7,0.7589506423782986,"(1458, 2385)","(1817, 2542)","(1637, 2463)"
GS__1454.JPG,7,0.27741969199092864,"(1449, 2385)","(1822, 2546)","(1635, 2465)"
GS__1454.JPG,7,0.0803351891659645,"(2360, 2327)","(2634, 2420)","(2497, 2373)"
GS__1455.JPG,,0.0,"(1446, 2395)","(1794, 2545)","(1620, 2470)"
GS__1455.JPG,,0.0,"(2332, 2339)","(2732, 2374)","(2532, 2356)"
GS__1456.JPG,7,0.4193459966760571,"(1459, 2404)","(1834, 2550)","(1646, 2477)"
GS__1457.JPG,7,0.743891978928346,"(1454, 2408)","(1831, 2564)","(1642, 2486)"
GS__1458.JPG,٣٢,0.09977321773566943,"(4457, 1348)","(4497, 1379)","(4477, 1363)"
GS__1458.JPG,غ :,0.09933473444494517,"(4511, 1361)","(4551, 1392)","(4531, 1376)"
GS__1462.JPG,7,0.46255055470288653,"(1458, 2417)","(1826, 2573)","(1642, 2495)"
GS__1462.JPG,,0.0,"(2298, 2377)","(2735, 2394)","(2516, 2385)"
GS__1463.JPG,7,0.16023870304589938,"(1450, 2400)","(1839, 2550)","(1644, 2475)"
GS__1463.JPG,7,0.3847723795115634,"(3481, 2147)","(3839, 2303)","(3660, 2225)"
GS__1463.JPG,=,0.17212425837720957,"(2367, 2312)","(2663, 2432)","(2515, 2372)"
GS__1464.JPG,",",0.038210946391580514,"(1476, 2457)","(1867, 2614)","(1671, 2535)"
GS__1464.JPG,م ٤٩=,0.40726095302558535,"(3115, 1549)","(3191, 1611)","(3153, 1580)"
GS__1464.JPG,ش٥٣ل٩,0.04213663055015761,"(3188, 1564)","(3289, 1637)","(3238, 1600)"
GS__1464.JPG,rfف,0.0013970091272123134,"(35, 1985)","(116, 2015)","(75, 2000)"
GS__1464.JPG,,0.0,"(2462, 2363)","(2741, 2432)","(2601, 2397)"
GS__1465.JPG,7,0.05527755982357352,"(1468, 2422)","(1839, 2572)","(1653, 2497)"
GS__1465.JPG,/,0.5554840768327409,"(3550, 2150)","(3740, 2272)","(3645, 2211)"
GS__1465.JPG,,0.0,"(2299, 2383)","(2747, 2397)","(2523, 2390)"
GS__1466.JPG,",",0.07732007570691568,"(1457, 2384)","(1827, 2556)","(1642, 2470)"
GS__1466.JPG,/,0.6722659774813025,"(3500, 2156)","(3833, 2306)","(3666, 2231)"
GS__1466.JPG,,0.0,"(2331, 2339)","(2717, 2404)","(2524, 2371)"
GS__1467.JPG,,0.0,"(2392, 2315)","(2652, 2454)","(2522, 2384)"
GS__1467.JPG,/,0.5354292060446006,"(3556, 2164)","(3720, 2279)","(3638, 2221)"
GS__1468.JPG,",",0.4936502809932932,"(1450, 2395)","(1803, 2541)","(1626, 2468)"
GS__1469.JPG,ILU=,0.020791741088032722,"(5151, 1664)","(5203, 1679)","(5177, 1671)"
GS__1469.JPG,7,0.08808483704436654,"(1468, 2400)","(1812, 2545)","(1640, 2472)"
GS__1469.JPG,=,0.031056187792054324,"(2337, 2325)","(2641, 2422)","(2489, 2373)"
GS__1470.JPG,7,0.13581704462237187,"(1464, 2382)","(1776, 2527)","(1620, 2454)"
GS__1474.JPG,9,0.17091421679538943,"(3643, 1388)","(3669, 1428)","(3656, 1408)"
GS__1477.JPG,٨ 7,0.038351536727706456,"(2890, 2206)","(2995, 2244)","(2942, 2225)"
GS__1479.JPG,,0.0,"(1454, 2331)","(1781, 2492)","(1617, 2411)"
GS__1479.JPG,لفتته,0.018675948978904178,"(2938, 1372)","(2996, 1397)","(2967, 1384)"
GS__1479.JPG,TOYOTA,0.8889076838898753,"(740, 1643)","(828, 1663)","(784, 1653)"
GS__1484.JPG,٠٩١٥٦٢١٥٩٥٢ ,0.9344612711606061,"(3866, 1420)","(3962, 1473)","(3914, 1446)"
GS__1485.JPG,ب٤,0.40306074531120567,"(4283, 1615)","(4368, 1657)","(4325, 1636)"
GS__1486.JPG,,0.0,"(2323, 2330)","(2565, 2412)","(2444, 2371)"
GS__1488.JPG,,0.0,"(1458, 2399)","(1804, 2560)","(1631, 2479)"
GS__1489.JPG,;,0.05499585078647673,"(1459, 2400)","(1821, 2545)","(1640, 2472)"
GS__1490.JPG,;,0.354088873501496,"(1449, 2358)","(1781, 2515)","(1615, 2436)"
GS__1491.JPG,;٤,0.03417895430230887,"(1454, 2372)","(1804, 2533)","(1629, 2452)"
GS__1492.JPG,;,0.14909870539330328,"(1458, 2376)","(1817, 2533)","(1637, 2454)"
GS__1493.JPG,8EE٩ع,0.06692753209821348,"(4363, 1024)","(4452, 1055)","(4407, 1039)"
GS__1493.JPG,;,0.04496030741387713,"(1464, 2409)","(1825, 2554)","(1644, 2481)"
GS__1494.JPG,,0.0,"(1449, 2372)","(1808, 2533)","(1628, 2452)"
GS__1494.JPG,ششلو,0.007429186720401049,"(4595, 1036)","(4674, 1090)","(4634, 1063)"
GS__1495.JPG,[fشذف,0.03869494169772142,"(497, 1807)","(636, 1838)","(566, 1822)"
GS__1495.JPG,;٤,0.03130517210845487,"(1458, 2403)","(1826, 2564)","(1642, 2483)"
GS__1496.JPG,,0.0,"(1369, 1477)","(1483, 1515)","(1426, 1496)"
GS__1496.JPG,;,0.11466221743731708,"(1445, 2390)","(1822, 2546)","(1633, 2468)"
GS__1497.JPG,٧,0.1097250106240546,"(4128, 1365)","(4183, 1402)","(4155, 1383)"
GS__1497.JPG,٤,0.6967310358737109,"(1401, 1405)","(1443, 1456)","(1422, 1430)"
GS__1497.JPG,ف4,0.1791247061735116,"(4119, 1396)","(4170, 1438)","(4144, 1417)"
GS__1497.JPG,للنا,0.3740909811941827,"(1554, 1450)","(1596, 1497)","(1575, 1473)"
GS__1497.JPG,;,0.18256003081828087,"(1449, 2403)","(1844, 2564)","(1646, 2483)"
GS__1497.JPG, بدن مامسی دد,0.33921705095556404,"(1415, 1468)","(1567, 1494)","(1491, 1481)"
GS__1498.JPG,٥fش٨٩پ,0.012466121992481387,"(0, 1802)","(83, 1829)","(41, 1815)"
GS__1498.JPG,",٤",0.018991993687524196,"(1455, 2391)","(1830, 2541)","(1642, 2466)"
GS__1501.JPG,میپوماکث,0.05965186231660785,"(3527, 1226)","(3673, 1278)","(3600, 1252)"
GS__1501.JPG,٢٤٥5,0.24691618978977203,"(3464, 1281)","(3515, 1301)","(3489, 1291)"
GS__1501.JPG,;,0.07429649209065303,"(1459, 2395)","(1812, 2541)","(1635, 2468)"
GS__1502.JPG,9eosi,0.5648692571628985,"(3881, 1276)","(3962, 1307)","(3921, 1291)"
GS__1503.JPG,pepsi,0.9418881255155013,"(4702, 1383)","(4768, 1430)","(4735, 1406)"
GS__1504.JPG,;,0.10305409372581753,"(1455, 2395)","(1839, 2541)","(1647, 2468)"
GS__1505.JPG,لآهعللآ,0.007757694667176803,"(4909, 1777)","(4988, 1833)","(4948, 1805)"
GS__1506.JPG,",2",0.04441819837014244,"(1455, 2397)","(1855, 2581)","(1655, 2489)"
GS__1508.JPG,ر,0.05038468903006876,"(1461, 2429)","(1841, 2557)","(1651, 2493)"
GS__1511.JPG,ف,0.14408746301598185,"(5628, 1722)","(5693, 1738)","(5660, 1730)"
GS__1512.JPG,TJ٥lff,0.008311456758816926,"(90, 1810)","(173, 1823)","(131, 1816)"
GS__1513.JPG,;,0.2971857084160092,"(1454, 2349)","(1754, 2506)","(1604, 2427)"
GS__1514.JPG,تگلخاءا,0.05788720113603116,"(3070, 1474)","(3148, 1502)","(3109, 1488)"
GS__1515.JPG,z,0.010243798532894255,"(1464, 2373)","(1816, 2523)","(1640, 2448)"
GS__1516.JPG,٥r,0.00982602692503061,"(2969, 1443)","(3025, 1459)","(2997, 1451)"
GS__1516.JPG,<,0.11050485380528219,"(2904, 2197)","(3058, 2239)","(2981, 2218)"
GS__1517.JPG,,0.0,"(1459, 2382)","(1816, 2532)","(1637, 2457)"
GS__1518.JPG,,0.0,"(3540, 2177)","(3783, 2315)","(3661, 2246)"
GS__1518.JPG,,0.0,"(2281, 2361)","(2721, 2368)","(2501, 2364)"
GS__1519.JPG,,0.0,"(1458, 2358)","(1790, 2519)","(1624, 2438)"
GS__1519.JPG,,0.0,"(2270, 2321)","(2651, 2401)","(2460, 2361)"
GS__1521.JPG,,0.0,"(1468, 2382)","(1798, 2532)","(1633, 2457)"
GS__1521.JPG,,0.0,"(2294, 2342)","(2619, 2406)","(2456, 2374)"
GS__1522.JPG,٢٧؟٢٨,0.26523419728605363,"(3711, 1556)","(3781, 1576)","(3746, 1566)"
GS__1522.JPG,7,0.16078034425459098,"(1458, 2367)","(1790, 2524)","(1624, 2445)"
GS__1522.JPG,,0.0,"(3484, 2179)","(3857, 2334)","(3670, 2256)"
GS__1522.JPG,-,0.366319627040923,"(2247, 2332)","(2658, 2403)","(2452, 2367)"
GS__1523.JPG,7,0.4860334862017659,"(3429, 2172)","(3856, 2357)","(3642, 2264)"
GS__1523.JPG,,0.0,"(2289, 2313)","(2609, 2398)","(2449, 2355)"
GS__1525.JPG,٤٤,0.5581308178699596,"(3835, 1423)","(3877, 1470)","(3856, 1446)"
GS__1525.JPG,٤٤ ( ) ٤٤,0.13120069434127768,"(3959, 1435)","(4122, 1503)","(4040, 1469)"
GS__1525.JPG,,0.0,"(2320, 2325)","(2618, 2405)","(2469, 2365)"
GS__1526.JPG,7,0.4366634671052374,"(1440, 2439)","(1858, 2600)","(1649, 2519)"
GS__1526.JPG,,0.0,"(2342, 2388)","(2760, 2402)","(2551, 2395)"
GS__1527.JPG,8٩,0.20390665260769925,"(3145, 1975)","(3231, 2043)","(3188, 2009)"
GS__1527.JPG,,0.0,"(1463, 2417)","(1849, 2578)","(1656, 2497)"
GS__1527.JPG,7,0.6162822194506958,"(2940, 2092)","(3191, 2178)","(3065, 2135)"
GS__1527.JPG,,0.0,"(2307, 2361)","(2748, 2409)","(2527, 2385)"
GS__1530.JPG,5,0.10716601624701472,"(1463, 2385)","(1804, 2546)","(1633, 2465)"
GS__1530.JPG,,0.0,"(2365, 2319)","(2615, 2417)","(2490, 2368)"
GS__1531.JPG,1,0.5658954207356146,"(4412, 1568)","(4484, 1599)","(4448, 1583)"
GS__1531.JPG,اینانرواس,0.24019825163778274,"(4497, 1549)","(4593, 1587)","(4545, 1568)"
GS__1531.JPG,<,0.26369495719387714,"(2903, 2192)","(3005, 2240)","(2954, 2216)"
GS__1531.JPG,ببرسدلا,0.39040574036059006,"(4386, 1525)","(4494, 1575)","(4440, 1550)"
GS__1531.JPG,77,0.06802776943990048,"(4483, 1573)","(4577, 1638)","(4530, 1605)"
GS__1532.JPG,>,0.3234452666461607,"(2845, 2130)","(2923, 2167)","(2884, 2148)"
GS__1532.JPG,7,0.9256364657858285,"(2957, 2080)","(3189, 2181)","(3073, 2130)"
GS__1532.JPG,5,0.9672951198942634,"(1459, 2436)","(1843, 2581)","(1651, 2508)"
GS__1532.JPG,46ُ,0.04573741254579124,"(4764, 1578)","(4832, 1588)","(4798, 1583)"
GS__1532.JPG,=,0.36622150874023873,"(2315, 2373)","(2739, 2408)","(2527, 2390)"
GS__1533.JPG,نا,0.4547005735389687,"(1830, 754)","(1905, 838)","(1867, 796)"
GS__1533.JPG,٤,0.14263223525007618,"(1844, 854)","(1913, 936)","(1878, 895)"
GS__1533.JPG,٨,0.2004093475122284,"(1886, 1112)","(1934, 1178)","(1910, 1145)"
GS__1533.JPG,غا,0.27814444034180746,"(1797, 598)","(1875, 736)","(1836, 667)"
GS__1533.JPG,/,0.7068933012435288,"(3532, 2166)","(3815, 2309)","(3673, 2237)"
GS__1533.JPG,,0.0,"(2357, 2328)","(2655, 2416)","(2506, 2372)"
GS__1534.JPG,?,0.06298043912251217,"(693, 734)","(746, 796)","(719, 765)"
GS__1534.JPG,},0.7260321790969471,"(707, 801)","(755, 877)","(731, 839)"
GS__1534.JPG,ذ,0.19571534151847292,"(715, 895)","(779, 981)","(747, 938)"
GS__1534.JPG,9,0.5637095211010354,"(724, 994)","(788, 1080)","(756, 1037)"
GS__1534.JPG,زیبایی کل آرا,0.7195436867831,"(1210, 1260)","(1476, 1350)","(1343, 1305)"
GS__1534.JPG,;,0.05645002066533156,"(1454, 2385)","(1831, 2546)","(1642, 2465)"
GS__1536.JPG,7==,0.34436109383773333,"(4300, 533)","(4853, 780)","(4576, 656)"
GS__1536.JPG,٤٦٣٥١,0.008829196954068436,"(1992, 1466)","(2062, 1486)","(2027, 1476)"
GS__1536.JPG,أ٥,0.032279735275619885,"(2001, 1524)","(2053, 1544)","(2027, 1534)"
GS__1536.JPG,تآ,0.1390749181621985,"(1520, 1550)","(1610, 1559)","(1565, 1554)"
GS__1537.JPG,,0.0,"(1464, 2413)","(1834, 2559)","(1649, 2486)"
GS__1539.JPG,5,0.10244571967119587,"(1455, 2413)","(1825, 2563)","(1640, 2488)"
GS__1539.JPG,,0.0,"(2331, 2351)","(2677, 2417)","(2504, 2384)"
GS__1540.JPG,,0.0,"(2321, 2395)","(2728, 2401)","(2524, 2398)"
GS__1543.JPG,,0.0,"(1454, 2372)","(1822, 2528)","(1638, 2450)"
GS__1544.JPG,7,0.07916039763267069,"(1463, 2372)","(1804, 2533)","(1633, 2452)"
GS__1545.JPG,7,0.35944163055887657,"(1464, 2377)","(1780, 2527)","(1622, 2452)"
GS__1545.JPG,,0.0,"(2312, 2333)","(2686, 2384)","(2499, 2358)"
GS__1546.JPG,EIق,0.16731788471274364,"(4517, 1668)","(4635, 1709)","(4576, 1688)"
GS__1546.JPG,,0.0,"(2264, 2351)","(2626, 2410)","(2445, 2380)"
GS__1547.JPG,TT,0.002373711151003508,"(4567, 625)","(4670, 664)","(4618, 644)"
GS__1547.JPG,,0.0,"(2361, 2323)","(2637, 2424)","(2499, 2373)"
GS__1548.JPG,7,0.37428182771692775,"(1464, 2386)","(1789, 2536)","(1626, 2461)"
GS__1548.JPG,,0.0,"(2357, 2321)","(2614, 2411)","(2485, 2366)"
GS__1549.JPG,=,0.07179798421546568,"(2297, 2315)","(2568, 2402)","(2432, 2358)"
GS__1550.JPG,,0.0,"(2323, 2312)","(2558, 2399)","(2440, 2355)"
GS__1552.JPG,7,0.1554816198206419,"(1445, 2363)","(1799, 2528)","(1622, 2445)"
GS__1552.JPG,IT٥N,0.025616666302084923,"(5183, 1705)","(5241, 1737)","(5212, 1721)"
GS__1552.JPG,,0.0,"(2246, 2315)","(2641, 2417)","(2443, 2366)"
GS__1553.JPG,= ٤,0.5852859579110722,"(4262, 639)","(4549, 800)","(4405, 719)"
GS__1553.JPG,,0.0,"(2274, 2359)","(2711, 2368)","(2492, 2363)"
GS__1554.JPG,غتععفقماء,0.01944240428623187,"(4942, 1838)","(5033, 1908)","(4987, 1873)"
GS__1555.JPG,,0.0,"(1455, 2413)","(1843, 2563)","(1649, 2488)"
GS__1557.JPG,ب,0.2472879335552456,"(1448, 1484)","(1504, 1504)","(1476, 1494)"
GS__1557.JPG,,0.0,"(1281, 1502)","(1351, 1522)","(1316, 1512)"
GS__1557.JPG,7,0.11438341477175129,"(1454, 2367)","(1790, 2524)","(1622, 2445)"
GS__1557.JPG,٥٧,0.35143034686733987,"(1354, 1493)","(1429, 1507)","(1391, 1500)"
GS__1557.JPG,٥,0.07668839512391301,"(1202, 1510)","(1271, 1525)","(1236, 1517)"
GS__1557.JPG,,0.0,"(2234, 2348)","(2709, 2376)","(2471, 2362)"
GS__1558.JPG,,0.0,"(1459, 2355)","(1789, 2505)","(1624, 2430)"
GS__1558.JPG,نتتآ,0.0293484628200531,"(1580, 1550)","(1663, 1565)","(1621, 1557)"
GS__1558.JPG,,0.0,"(2287, 2312)","(2577, 2400)","(2432, 2356)"
GS__1559.JPG,=,0.3760334030950254,"(2297, 2362)","(2724, 2409)","(2510, 2385)"
GS__1560.JPG,١٢ ٩٣٢٨١,0.5654390970727485,"(1209, 1713)","(1315, 1733)","(1262, 1723)"
GS__1560.JPG,-,0.424406411577948,"(2305, 2362)","(2736, 2403)","(2520, 2382)"
GS__1561.JPG,٦٥٩١٥٦٢,0.4956972894441897,"(3167, 1488)","(3245, 1508)","(3206, 1498)"
GS__1561.JPG,,0.0,"(1454, 2372)","(1817, 2537)","(1635, 2454)"
GS__1561.JPG,,0.0,"(2359, 2323)","(2609, 2408)","(2484, 2365)"
GS__1562.JPG,,0.0,"(1449, 2387)","(1834, 2547)","(1641, 2467)"
GS__1562.JPG,,0.0,"(2294, 2345)","(2632, 2406)","(2463, 2375)"
GS__1563.JPG,-7=7=2,0.010525384592366037,"(4178, 1154)","(4466, 1293)","(4322, 1223)"
GS__1563.JPG,7,0.2015147278348337,"(1463, 2376)","(1799, 2537)","(1631, 2456)"
GS__1563.JPG,,0.0,"(2242, 2358)","(2677, 2385)","(2459, 2371)"
GS__1564.JPG,٩٥٥٥٢,0.5057202607509751,"(3102, 1554)","(3180, 1591)","(3141, 1572)"
GS__1564.JPG,,0.0,"(1606, 2484)","(1890, 2601)","(1748, 2542)"
GS__1565.JPG,٦٤٩٢٩٢٥,0.15263406814748953,"(2766, 1394)","(2836, 1409)","(2801, 1401)"
GS__1565.JPG,",",0.15824576354367537,"(1454, 2448)","(1885, 2609)","(1669, 2528)"
GS__1566.JPG,سفلنم,0.004508156744866021,"(2757, 1331)","(2809, 1346)","(2783, 1338)"
GS__1566.JPG,;,0.06248976332145251,"(1445, 2417)","(1858, 2573)","(1651, 2495)"
GS__1567.JPG,Tma,0.08407911999432219,"(2775, 1317)","(2822, 1333)","(2798, 1325)"
GS__1567.JPG,م,0.04870229901592915,"(1466, 2415)","(1819, 2543)","(1642, 2479)"
GS__1567.JPG,Dr,0.22304884462586275,"(2922, 2192)","(3100, 2230)","(3011, 2211)"
GS__1569.JPG,تلشتذ -,0.03829795341288117,"(3743, 1515)","(3799, 1535)","(3771, 1525)"
GS__1569.JPG,",",0.25911358825538855,"(1445, 2408)","(1853, 2569)","(1649, 2488)"
GS__1570.JPG,;,0.1730098161462843,"(1463, 2448)","(1885, 2605)","(1674, 2526)"
GS__1570.JPG,٩Iم٥,0.030532587319612503,"(2633, 1433)","(2711, 1445)","(2672, 1439)"
GS__1573.JPG,٥,0.5569117083705919,"(4152, 872)","(4204, 892)","(4178, 882)"
GS__1573.JPG,,0.0,"(1445, 2408)","(1849, 2569)","(1647, 2488)"
GS__1573.JPG,99,0.05151831812787753,"(4409, 907)","(4454, 935)","(4431, 921)"
GS__1573.JPG,4:PP447,0.02731787800010138,"(4154, 1082)","(4354, 1168)","(4254, 1125)"
GS__1574.JPG,سالن زيبای,0.6189897288473573,"(3633, 1090)","(3733, 1128)","(3683, 1109)"
GS__1574.JPG,٨٨,0.9520707564775304,"(3634, 1127)","(3692, 1158)","(3663, 1142)"
GS__1574.JPG,٥٨٨٥ ٤٥ ٦ (-,0.00484795859370765,"(2745, 1395)","(2799, 1404)","(2772, 1399)"
GS__1578.JPG,;,0.04986708709999732,"(1454, 2408)","(1844, 2564)","(1649, 2486)"
GS__1579.JPG,٤Gf,0.04149014145860128,"(2834, 1335)","(2894, 1351)","(2864, 1343)"
GS__1579.JPG,D~,0.2273191903211534,"(2925, 2178)","(3103, 2246)","(3014, 2212)"
GS__1580.JPG,7,0.048905956414096785,"(1464, 2436)","(1848, 2586)","(1656, 2511)"
GS__1581.JPG,٤CB٥,0.016352979466319084,"(2780, 1317)","(2840, 1333)","(2810, 1325)"
GS__1581.JPG,",",0.023401280095340704,"(1445, 2408)","(1840, 2564)","(1642, 2486)"
GS__1582.JPG,ال~5,0.13561630249023438,"(2926, 2177)","(3130, 2244)","(3028, 2210)"
GS__1582.JPG,ECI,0.0262833355735008,"(2741, 1344)","(2814, 1356)","(2777, 1350)"
GS__1583.JPG,9٢٢٤,0.20607060194015503,"(3275, 1457)","(3335, 1477)","(3305, 1467)"
GS__1583.JPG,Dr /,0.053864027594042616,"(2918, 2193)","(3132, 2227)","(3025, 2210)"
GS__1585.JPG,٠٢٩٥١,0.4606811986843197,"(2928, 1506)","(2993, 1522)","(2960, 1514)"
GS__1585.JPG,٢/,0.14639517206598246,"(2935, 2202)","(3045, 2244)","(2990, 2223)"
GS__1585.JPG,,0.0,"(2226, 2322)","(2503, 2385)","(2364, 2353)"
GS__1586.JPG,٧ ؟٤,0.08012673881228466,"(1865, 677)","(2454, 1028)","(2159, 852)"
GS__1586.JPG,ن7,0.17542107458823525,"(1463, 2394)","(1822, 2555)","(1642, 2474)"
GS__1586.JPG,/,0.5752261069141618,"(3510, 2161)","(3701, 2288)","(3605, 2224)"
GS__1587.JPG,گ,0.6209905740468145,"(3344, 2129)","(3811, 2281)","(3577, 2205)"
GS__1587.JPG,-,0.343650145237703,"(1466, 2402)","(1827, 2579)","(1646, 2490)"
GS__1587.JPG,,0.0,"(2278, 2370)","(2765, 2385)","(2521, 2377)"
GS__1588.JPG,,0.0,"(1479, 2469)","(1832, 2593)","(1655, 2531)"
GS__1588.JPG,,0.0,"(2383, 2358)","(2710, 2420)","(2546, 2389)"
GS__1589.JPG,,0.0,"(1451, 2455)","(1891, 2635)","(1671, 2545)"
GS__1589.JPG,,0.0,"(2412, 2405)","(2786, 2409)","(2599, 2407)"
GS__1590.JPG,1,0.15854330780327164,"(3983, 1364)","(4085, 1433)","(4034, 1398)"
GS__1591.JPG,;,0.030867199591711136,"(1477, 2409)","(1812, 2559)","(1644, 2484)"
GS__1591.JPG,ش٤٥٥5,0.159771702270102,"(1810, 1586)","(1974, 1593)","(1892, 1589)"
GS__1591.JPG,,0.0,"(2291, 2362)","(2667, 2416)","(2479, 2389)"
GS__1592.JPG,,0.0,"(3409, 2161)","(3727, 2285)","(3568, 2223)"
GS__1592.JPG,7,0.080453034355906,"(1464, 2404)","(1816, 2550)","(1640, 2477)"
GS__1592.JPG,=,0.2768883808556808,"(2313, 2327)","(2649, 2426)","(2481, 2376)"
GS__1593.JPG,,0.0,"(3533, 2162)","(3913, 2295)","(3723, 2228)"
GS__1593.JPG,7,0.36049036023473846,"(1458, 2403)","(1822, 2564)","(1640, 2483)"
GS__1593.JPG,,0.0,"(2308, 2369)","(2739, 2395)","(2523, 2382)"
GS__1594.JPG,٤YPW٩,0.035839662310065065,"(5414, 1643)","(5488, 1669)","(5451, 1656)"
GS__1594.JPG,,0.0,"(2360, 2297)","(2598, 2432)","(2479, 2364)"
GS__1594.JPG,7,0.40646710981269507,"(1440, 2363)","(1808, 2524)","(1624, 2443)"
GS__1594.JPG,T557,0.02551695890724659,"(617, 1649)","(677, 1662)","(647, 1655)"
GS__1594.JPG,٥٣ب٥٢,0.15839095150741514,"(5051, 1760)","(5157, 1784)","(5104, 1772)"
GS__1595.JPG,7,0.2902218840616264,"(1436, 2417)","(1835, 2573)","(1635, 2495)"
GS__1595.JPG,,0.0,"(2334, 2353)","(2700, 2421)","(2517, 2387)"
GS__1596.JPG,=?7?,0.13500182330608368,"(2198, 1330)","(2265, 1361)","(2231, 1345)"
GS__1596.JPG,EP,0.004472010461192051,"(2847, 1484)","(2908, 1499)","(2877, 1491)"
GS__1596.JPG,٦,0.735373439988507,"(1975, 575)","(2181, 809)","(2078, 692)"
GS__1597.JPG,آآد,0.205080032237979,"(3581, 1592)","(3646, 1612)","(3613, 1602)"
GS__1598.JPG,تم,0.23359543132292038,"(2852, 1457)","(2903, 1472)","(2877, 1464)"
GS__1598.JPG,,0.0,"(2259, 2363)","(2729, 2397)","(2494, 2380)"
GS__1599.JPG,َِمٍّ ,0.013499005871913883,"(324, 828)","(864, 1161)","(594, 994)"
GS__1599.JPG,آنیشآ,0.2747841575555966,"(2253, 1542)","(2314, 1562)","(2283, 1552)"
GS__1599.JPG,؟٦٥,0.24965665292118644,"(1956, 1565)","(1999, 1580)","(1977, 1572)"
GS__1599.JPG,5,0.9202108266217692,"(1464, 2454)","(1861, 2599)","(1662, 2526)"
GS__1599.JPG,,0.0,"(2395, 2379)","(2762, 2409)","(2578, 2394)"
GS__1600.JPG,7,0.09761549957615046,"(1440, 2412)","(1831, 2573)","(1635, 2492)"
GS__1600.JPG,/,0.46155556414086973,"(3548, 2148)","(3782, 2289)","(3665, 2218)"
GS__1600.JPG,,0.0,"(2304, 2366)","(2683, 2414)","(2493, 2390)"
GS__1601.JPG,7,0.5047723086295832,"(1464, 2422)","(1830, 2568)","(1647, 2495)"
GS__1601.JPG,/,0.7192883820416149,"(3527, 2143)","(3869, 2301)","(3698, 2222)"
GS__1601.JPG,,0.0,"(2292, 2384)","(2726, 2399)","(2509, 2391)"
GS__1602.JPG,٠٤١٥5,0.004626669834557156,"(1366, 601)","(1765, 789)","(1565, 695)"
GS__1602.JPG,؟,0.13384142629529894,"(5243, 784)","(5312, 961)","(5277, 872)"
GS__1602.JPG,,0.0,"(2283, 2340)","(2693, 2390)","(2488, 2365)"
GS__1603.JPG,ج,0.011090751719307568,"(5437, 1018)","(5475, 1164)","(5456, 1091)"
GS__1603.JPG,,0.0,"(1464, 2391)","(1771, 2536)","(1617, 2463)"
GS__1604.JPG,5,0.11324622275325513,"(1449, 2381)","(1822, 2542)","(1635, 2461)"
GS__1605.JPG,رنبان دربابی,0.5357509506218555,"(3867, 1311)","(3958, 1348)","(3912, 1329)"
GS__1606.JPG,م٤٨٨٥,0.12411852182060233,"(2379, 1295)","(2422, 1315)","(2400, 1305)"
GS__1606.JPG,7,0.2540762133838861,"(1440, 2399)","(1808, 2564)","(1624, 2481)"
GS__1606.JPG,,0.0,"(2352, 2344)","(2658, 2416)","(2505, 2380)"
GS__1607.JPG,؟٢ مإرئت,0.023371134147916684,"(2420, 1295)","(2498, 1315)","(2459, 1305)"
GS__1607.JPG,E»٥,0.03785918282608959,"(2203, 1303)","(2292, 1334)","(2247, 1318)"
GS__1607.JPG,٩١٥٦ م ٤٦٩,0.8595144181145072,"(2778, 1610)","(2887, 1641)","(2832, 1625)"
GS__1607.JPG,,0.0,"(2347, 2372)","(2703, 2422)","(2525, 2397)"
GS__1608.JPG,9گا مارلن ,0.054291031518276876,"(2106, 1220)","(2204, 1268)","(2155, 1244)"
GS__1608.JPG,زیبایئ  خودرو مانتل,0.12643489007343633,"(4551, 1333)","(4741, 1371)","(4646, 1352)"
GS__1608.JPG,درانک بن,0.11584978307365443,"(4539, 1421)","(4604, 1441)","(4571, 1431)"
GS__1608.JPG,٥٥٨٢؟٦٤٩٥,0.15536333028332422,"(2942, 1479)","(3025, 1499)","(2983, 1489)"
GS__1608.JPG,ش٦٠٦,0.02119076215128481,"(2291, 1227)","(2356, 1242)","(2323, 1234)"
GS__1609.JPG,٨٢ ٤٩٢٦١٥,0.08146492832110812,"(3014, 1452)","(3083, 1468)","(3048, 1460)"
GS__1609.JPG,زیبایی   خودرو,0.7213526410530838,"(5281, 1469)","(5370, 1496)","(5325, 1482)"
GS__1609.JPG,مانت,0.8754949533252908,"(5242, 1461)","(5277, 1488)","(5259, 1474)"
GS__1609.JPG,٥٧٥٢٥,0.584643902913667,"(2299, 1603)","(2362, 1656)","(2330, 1629)"
GS__1610.JPG,٤L٥١٢,0.02349232580105276,"(2969, 1407)","(3029, 1423)","(2999, 1415)"
GS__1611.JPG,ن,0.9704265333392783,"(1951, 1208)","(1982, 1239)","(1966, 1223)"
GS__1611.JPG,,0.0,"(2330, 2297)","(2620, 2444)","(2475, 2370)"
GS__1611.JPG,اکسپرس,0.9925421404941414,"(1813, 1221)","(1953, 1240)","(1883, 1230)"
GS__1612.JPG,٦٢ ٩١٥ ٢ ٦٦٩,0.7574594700749742,"(2960, 1529)","(3043, 1544)","(3001, 1536)"
GS__1612.JPG,,0.0,"(2379, 2297)","(2623, 2436)","(2501, 2366)"
GS__1612.JPG,,0.0,"(1441, 2395)","(1780, 2545)","(1610, 2470)"
GS__1613.JPG,٩٨٥٢٢م ٦٤٦٩،,0.19408621919017985,"(3009, 1484)","(3092, 1499)","(3050, 1491)"
GS__1613.JPG,7,0.43255118176239193,"(1458, 2372)","(1808, 2533)","(1633, 2452)"
GS__1614.JPG,٩٦٥٦٤ م ٤٦٩,0.24784996124961237,"(3014, 1524)","(3097, 1544)","(3055, 1534)"
GS__1614.JPG,عذ ك08,0.07776935737885421,"(1792, 1229)","(1954, 1268)","(1873, 1248)"
GS__1615.JPG,08,0.980850864220772,"(959, 1328)","(1034, 1381)","(996, 1354)"
GS__1615.JPG,،٤٥٩٢٥٢٢,0.21061134203576934,"(2991, 1488)","(3061, 1504)","(3026, 1496)"
GS__1615.JPG,Dr,0.010624320760393153,"(2882, 2188)","(3057, 2248)","(2969, 2218)"
GS__1616.JPG,٩١٧١٢ ٢ ٦٤٩,0.14753036876512532,"(2973, 1502)","(3043, 1517)","(3008, 1509)"
GS__1616.JPG,ا9ات,0.346440851688385,"(1478, 1324)","(1562, 1349)","(1520, 1336)"
GS__1617.JPG,7,0.10456708378690482,"(1469, 2396)","(1775, 2535)","(1622, 2465)"
GS__1618.JPG,>rل/,0.017699364572763443,"(2892, 2188)","(3087, 2243)","(2989, 2215)"
GS__1618.JPG,7,0.5637431747462109,"(1449, 2363)","(1790, 2519)","(1619, 2441)"
GS__1618.JPG,<,0.43615993066456227,"(3367, 2158)","(3730, 2327)","(3548, 2242)"
GS__1619.JPG,,0.0,"(2342, 2329)","(2625, 2416)","(2483, 2372)"
GS__1620.JPG,ا٥,0.5912047981962755,"(1100, 1438)","(1199, 1469)","(1149, 1453)"
GS__1620.JPG,7,0.2791245569285685,"(1453, 2389)","(1814, 2561)","(1633, 2475)"
GS__1620.JPG,7,0.5062257882910934,"(3502, 2157)","(3788, 2300)","(3645, 2228)"
GS__1620.JPG,,0.0,"(2359, 2328)","(2649, 2426)","(2504, 2377)"
GS__1621.JPG,٩٧٧٧٢ ٢ ٦٤٤,0.21650398851561442,"(2798, 1520)","(2867, 1535)","(2832, 1527)"
GS__1622.JPG,ترعتان قه,0.010531059246967298,"(2987, 1007)","(3078, 1048)","(3032, 1027)"
GS__1623.JPG,,0.0,"(3062, 807)","(3170, 893)","(3116, 850)"
GS__1623.JPG,٤٢٩١٥٨٢,0.20499070698063884,"(2780, 1515)","(2849, 1531)","(2814, 1523)"
GS__1623.JPG,تروءقا& 3چن,0.0029995608152661676,"(3059, 878)","(3167, 928)","(3113, 903)"
GS__1624.JPG,,0.0,"(3359, 677)","(3467, 767)","(3413, 722)"
GS__1624.JPG,ترو ءاشاغا3ان,0.009872105718899054,"(3336, 740)","(3458, 817)","(3397, 778)"
GS__1624.JPG,٥ذم,0.07283410925940965,"(2902, 1452)","(2965, 1479)","(2933, 1465)"
GS__1625.JPG,ع٦٧,0.04295053851982934,"(2852, 1421)","(2912, 1436)","(2882, 1428)"
GS__1625.JPG,0,0.15935397164774745,"(3638, 473)","(3716, 609)","(3677, 541)"
GS__1625.JPG,"رویعتاناذین ,",0.006851706345740628,"(3567, 520)","(3716, 659)","(3641, 589)"
GS__1626.JPG,/,0.6288186280589549,"(3498, 2152)","(3831, 2316)","(3664, 2234)"
GS__1626.JPG,,0.0,"(2365, 2323)","(2629, 2422)","(2497, 2372)"
GS__1627.JPG,!٢ ,0.01586354877900393,"(744, 1495)","(781, 1537)","(762, 1516)"
GS__1628.JPG,,0.0,"(1450, 2431)","(1843, 2581)","(1646, 2506)"
GS__1628.JPG,,0.0,"(2348, 2359)","(2708, 2421)","(2528, 2390)"
GS__1629.JPG,Dr,0.05193094069185582,"(2899, 2183)","(3080, 2245)","(2989, 2214)"
GS__1630.JPG,وعم,0.006371569407377581,"(3191, 1484)","(3265, 1510)","(3228, 1497)"
GS__1630.JPG,7,0.6436101755746826,"(1494, 2439)","(1795, 2565)","(1644, 2502)"
GS__1631.JPG,اٰٰ ار,0.26772618191373115,"(3272, 1220)","(3347, 1277)","(3309, 1248)"
GS__1631.JPG,,0.0,"(1448, 2375)","(1814, 2547)","(1631, 2461)"
GS__1631.JPG,,0.0,"(2358, 2329)","(2727, 2389)","(2542, 2359)"
GS__1632.JPG,gکأفه ا,0.5519536367191945,"(3683, 1181)","(3921, 1320)","(3802, 1250)"
GS__1632.JPG,ضزل,0.665490448474884,"(1536, 1401)","(1600, 1438)","(1568, 1419)"
GS__1632.JPG,؟نن ,0.0516957176305794,"(1619, 1434)","(1675, 1450)","(1647, 1442)"
GS__1632.JPG,رذ #ا,0.1319805006939282,"(1546, 1442)","(1617, 1469)","(1581, 1455)"
GS__1632.JPG,بزیغ بیبر,0.15589131747740892,"(1547, 1470)","(1612, 1490)","(1579, 1480)"
GS__1632.JPG,٦٢٥٦٤ ٦٨١,0.07745521596608776,"(2821, 1485)","(2880, 1494)","(2850, 1489)"
GS__1632.JPG,,0.0,"(1474, 2428)","(1824, 2567)","(1649, 2497)"
GS__1632.JPG,دررغنرا,0.08187238348173875,"(1549, 1375)","(1658, 1387)","(1603, 1381)"
GS__1632.JPG,٤٢٥٢٧٢,0.2953343110157873,"(5129, 1774)","(5249, 1774)","(5189, 1774)"
GS__1632.JPG,,0.0,"(2365, 2340)","(2671, 2420)","(2518, 2380)"
GS__1634.JPG,,0.0,"(4364, 585)","(4722, 760)","(4543, 672)"
GS__1634.JPG,,0.0,"(1464, 2400)","(1812, 2550)","(1638, 2475)"
GS__1636.JPG,١١١١١١١٢,0.24880156799906492,"(3755, 1325)","(3800, 1356)","(3777, 1340)"
GS__1637.JPG,ذيغ ملی,0.026146848050915036,"(1500, 1252)","(1593, 1277)","(1546, 1264)"
GS__1637.JPG,كلار3,0.03884837996231464,"(1502, 1292)","(1560, 1305)","(1531, 1298)"
GS__1640.JPG,٤٧٧٣٩٥١٠,0.001701391382163787,"(2853, 1440)","(2911, 1449)","(2882, 1444)"
GS__1643.JPG,Deps,0.12920694053173065,"(2082, 1236)","(2134, 1256)","(2108, 1246)"
GS__1644.JPG,رباریت پامچال,0.28276082937404334,"(1448, 1169)","(1768, 1292)","(1608, 1230)"
GS__1644.JPG,peesi,0.6821968986900226,"(1256, 1256)","(1365, 1279)","(1310, 1267)"
GS__1644.JPG,آن بوتین,0.22861298533519417,"(1575, 1465)","(1644, 1480)","(1609, 1472)"
GS__1645.JPG,قنpزیک,0.03718060804901701,"(485, 1516)","(558, 1553)","(521, 1534)"
GS__1645.JPG,,0.0,"(1467, 2376)","(1826, 2537)","(1646, 2456)"
GS__1645.JPG,3E09960|,0.050553810782399435,"(918, 1336)","(1002, 1349)","(960, 1342)"
GS__1645.JPG,7,0.0572201953680731,"(2273, 2330)","(2612, 2425)","(2442, 2377)"
GS__1646.JPG,7,0.03906366721595589,"(1458, 2390)","(1813, 2551)","(1635, 2470)"
GS__1647.JPG,;,0.038775828524079126,"(1449, 2381)","(1813, 2546)","(1631, 2463)"
GS__1648.JPG,٤٤,0.9673231866094566,"(3845, 1285)","(3881, 1316)","(3863, 1300)"
GS__1649.JPG,,0.0,"(1458, 2376)","(1817, 2537)","(1637, 2456)"
GS__1649.JPG,٢٦ ٢,0.27612218260765076,"(3719, 1303)","(3995, 1520)","(3857, 1411)"
GS__1649.JPG,,0.0,"(2306, 2335)","(2625, 2407)","(2465, 2371)"
GS__1650.JPG,7,0.6183738072893483,"(1454, 2417)","(1840, 2578)","(1647, 2497)"
GS__1651.JPG,٥,0.27271916069517843,"(3553, 1280)","(3579, 1325)","(3566, 1302)"
GS__1651.JPG,:,0.19557980231388683,"(3548, 1316)","(3579, 1401)","(3563, 1358)"
GS__1651.JPG,Dr,0.04540076277855684,"(2899, 2183)","(3075, 2244)","(2987, 2213)"
GS__1652.JPG,ّ,0.02136759155069967,"(4848, 1419)","(4934, 1559)","(4891, 1489)"
GS__1652.JPG,;0,0.3527658849793707,"(5718, 1619)","(5752, 1639)","(5735, 1629)"
GS__1652.JPG,٨ ٥٢٢ ٠ ٠٦٤٢,0.015622694432391993,"(5697, 1651)","(5755, 1660)","(5726, 1655)"
GS__1652.JPG,,0.0,"(1463, 2403)","(1831, 2564)","(1647, 2483)"
GS__1652.JPG,,0.0,"(2326, 2356)","(2670, 2413)","(2498, 2384)"
GS__1653.JPG,تآئ٥ ط ٤Vء,0.030342389135558045,"(100, 1756)","(192, 1785)","(146, 1770)"
GS__1654.JPG,٥٢٢١٥,0.21909483820327771,"(156, 1740)","(208, 1760)","(182, 1750)"
GS__1655.JPG,٠٠V٥ طIت,0.009688011573519258,"(0, 1725)","(106, 1756)","(53, 1740)"
GS__1655.JPG,,0.0,"(1453, 2366)","(1814, 2534)","(1633, 2450)"
GS__1656.JPG,- Eتثآ٥ طن,0.03422426932784129,"(347, 1794)","(485, 1805)","(416, 1799)"
GS__1657.JPG,٣٥ا,0.11320519926966631,"(1370, 889)","(1437, 915)","(1403, 902)"
GS__1657.JPG,٧، ٥٩٧٣٣٤,0.008766007695746278,"(2920, 1494)","(2983, 1503)","(2951, 1498)"
GS__1657.JPG,;,0.30113059999507996,"(1459, 2382)","(1821, 2532)","(1640, 2457)"
GS__1657.JPG,EY٥٥ط,0.10435487005091618,"(794, 1922)","(929, 1902)","(861, 1912)"
GS__1658.JPG,کرو ساخماتی,0.18572275744539854,"(1161, 906)","(1254, 918)","(1207, 912)"
GS__1658.JPG,٥ب~0,0.08750920742750168,"(1091, 920)","(1166, 938)","(1128, 929)"
GS__1659.JPG,شش٥,0.031740828315897085,"(818, 1915)","(925, 1915)","(871, 1915)"
GS__1659.JPG,ط٢٤٧,0.8675630688667297,"(757, 1944)","(857, 1959)","(807, 1951)"
GS__1660.JPG,F٤V٥طVI,0.03741449425355909,"(230, 1811)","(354, 1829)","(292, 1820)"
GS__1661.JPG,R,0.9297845538297942,"(4124, 1429)","(4155, 1487)","(4139, 1458)"
GS__1661.JPG,^,0.822811958682351,"(4115, 1487)","(4146, 1523)","(4130, 1505)"
GS__1661.JPG,ط ٤٤٧,0.683596013026475,"(277, 1861)","(348, 1892)","(312, 1876)"
GS__1661.JPG,7,0.136082263484405,"(1467, 2399)","(1831, 2564)","(1649, 2481)"
GS__1661.JPG,ث٥٧٢٥,0.06893103910638607,"(338, 1851)","(421, 1873)","(379, 1862)"
GS__1661.JPG,=,0.469235945550853,"(2321, 2347)","(2686, 2418)","(2503, 2382)"
GS__1662.JPG,,0.0,"(2372, 2381)","(2719, 2428)","(2545, 2404)"
GS__1663.JPG,=,0.2968695026116599,"(1448, 2420)","(1850, 2588)","(1649, 2504)"
GS__1663.JPG,,0.0,"(2392, 2359)","(2690, 2417)","(2541, 2388)"
GS__1665.JPG,7,0.25004613612340165,"(1472, 2394)","(1831, 2555)","(1651, 2474)"
GS__1665.JPG,,0.0,"(2360, 2343)","(2642, 2416)","(2501, 2379)"
GS__1666.JPG,,0.0,"(1458, 2367)","(1804, 2528)","(1631, 2447)"
GS__1666.JPG,,0.0,"(2298, 2323)","(2643, 2400)","(2470, 2361)"
GS__1667.JPG,٨٢٥8٦fآ,0.0713406095388299,"(3630, 1551)","(3686, 1567)","(3658, 1559)"
GS__1667.JPG,,0.0,"(1458, 2372)","(1813, 2533)","(1635, 2452)"
GS__1667.JPG,7,0.31802347043964474,"(3469, 2158)","(3796, 2326)","(3632, 2242)"
GS__1667.JPG,,0.0,"(2342, 2321)","(2611, 2407)","(2476, 2364)"
GS__1668.JPG,٩١٥٢٢ ٥ ٤٩؛,0.16377990193733427,"(2937, 1556)","(3020, 1571)","(2978, 1563)"
GS__1668.JPG,,0.0,"(2313, 2380)","(2702, 2410)","(2507, 2395)"
GS__1669.JPG,",",0.05877331712710632,"(1458, 2426)","(1844, 2591)","(1651, 2508)"
GS__1669.JPG,,0.0,"(2411, 2357)","(2696, 2419)","(2553, 2388)"
GS__1670.JPG,،٦٩٢٩٨٥٤٦,0.1401108237669144,"(2897, 1524)","(2975, 1540)","(2936, 1532)"
GS__1670.JPG,7,0.29261755237577347,"(1456, 2396)","(1815, 2535)","(1635, 2465)"
GS__1671.JPG,ر؟أنللاي-,0.09398762852619556,"(1676, 1297)","(1824, 1357)","(1750, 1327)"
GS__1671.JPG,شلتذن[,0.0724905053228575,"(3773, 1582)","(3840, 1613)","(3806, 1597)"
GS__1671.JPG,,0.0,"(1445, 2399)","(1808, 2564)","(1626, 2481)"
GS__1672.JPG,باللاي ؤز,0.21974182244892182,"(718, 1401)","(825, 1450)","(771, 1425)"
GS__1672.JPG,٥٥٥8,0.030444907024502754,"(5174, 1659)","(5230, 1679)","(5202, 1669)"
GS__1674.JPG,:/:':|:,0.3873787249300568,"(1465, 1397)","(1527, 1428)","(1496, 1412)"
GS__1674.JPG,>,0.09357213433932898,"(1464, 2409)","(1807, 2559)","(1635, 2484)"
GS__1674.JPG,٥٧؟٧٥٧٥{,0.005996791670610522,"(2080, 667)","(2169, 741)","(2124, 704)"
GS__1674.JPG,=,0.23921453358457612,"(2334, 2345)","(2664, 2412)","(2499, 2378)"
GS__1675.JPG,5,0.07376423320835102,"(1454, 2367)","(1799, 2528)","(1626, 2447)"
GS__1676.JPG,٦,0.11180811148620595,"(4202, 638)","(4698, 1148)","(4450, 893)"
GS__1677.JPG,8,0.007063790020751581,"(1468, 2400)","(1830, 2550)","(1649, 2475)"
GS__1678.JPG,7,0.24837196548777118,"(1453, 2384)","(1823, 2556)","(1638, 2470)"
GS__1678.JPG,=,0.2956000756078083,"(2290, 2339)","(2702, 2412)","(2496, 2375)"
GS__1679.JPG,٢٦٠٤٥٦٠٤,0.3851795375182752,"(1767, 1263)","(1855, 1283)","(1811, 1273)"
GS__1679.JPG,حعدزادد,0.729920590754552,"(1781, 1290)","(1841, 1310)","(1811, 1300)"
GS__1679.JPG,بابا,0.603625960352668,"(1882, 1275)","(1960, 1312)","(1921, 1293)"
GS__1679.JPG,0f8,0.0121953044026998,"(1546, 1388)","(1590, 1415)","(1568, 1401)"
GS__1679.JPG,هاییرعلی بابا,0.5060540848983672,"(1658, 1397)","(1770, 1428)","(1714, 1412)"
GS__1679.JPG,٤٧٣ د ٦٢٤,0.04228299565958525,"(3369, 1551)","(3443, 1571)","(3406, 1561)"
GS__1679.JPG,7,0.018344895590317378,"(1457, 2420)","(1845, 2592)","(1651, 2506)"
GS__1679.JPG,خ,0.1881400480372699,"(2431, 2353)","(2673, 2422)","(2552, 2387)"
GS__1680.JPG,L@,0.09767793934335028,"(1073, 1267)","(1158, 1293)","(1115, 1280)"
GS__1680.JPG,شاچد علیبابا,0.1887932917860957,"(1001, 1330)","(1278, 1390)","(1139, 1360)"
GS__1680.JPG,مایپرعلی بابا,0.7144402889128139,"(664, 1496)","(731, 1523)","(697, 1509)"
GS__1680.JPG,آ٩٥م ٥٦٩,0.08493028048957073,"(3455, 1587)","(3573, 1628)","(3514, 1607)"
GS__1680.JPG,٢٢٠٤٥٩٩٤,0.4037269349192275,"(639, 1397)","(700, 1412)","(669, 1404)"
GS__1680.JPG,مش,0.1713704344594726,"(1895, 1551)","(1965, 1565)","(1930, 1558)"
GS__1681.JPG,E,0.15234840193665278,"(1513, 2346)","(1789, 2491)","(1651, 2418)"
GS__1682.JPG,0ار5,0.2915060818195343,"(3540, 1146)","(3660, 1225)","(3600, 1185)"
GS__1682.JPG,عابربانک  قبوِء,0.032929260442635735,"(3583, 1239)","(3661, 1276)","(3622, 1257)"
GS__1682.JPG,جلوبنىى,0.31631475494026184,"(4523, 1238)","(4661, 1295)","(4592, 1266)"
GS__1682.JPG,صتحع,0.11221388727426529,"(4495, 1275)","(4599, 1313)","(4547, 1294)"
GS__1682.JPG,٥١٧ ٤,0.24757599385519916,"(1763, 1385)","(1814, 1405)","(1788, 1395)"
GS__1682.JPG,ر,0.3093902973923832,"(1461, 2469)","(1841, 2597)","(1651, 2533)"
GS__1682.JPG,افی,0.27135652822764794,"(4436, 1243)","(4526, 1274)","(4481, 1258)"
GS__1683.JPG,وبخاری,0.09894291236504131,"(3749, 1233)","(3838, 1282)","(3793, 1257)"
GS__1683.JPG,ررأیکتن ,0.02771238815049169,"(4527, 1238)","(4576, 1286)","(4551, 1262)"
GS__1683.JPG,اشذثاذن,0.01811889840349941,"(3747, 1272)","(3812, 1292)","(3779, 1282)"
GS__1683.JPG,Seren ؟,0.6936240721305874,"(4264, 1294)","(4358, 1343)","(4311, 1318)"
GS__1683.JPG,IU5؟,0.07177392393350601,"(1082, 1411)","(1136, 1442)","(1109, 1426)"
GS__1683.JPG,م06@(,0.19281493376800657,"(4507, 1116)","(4627, 1206)","(4567, 1161)"
GS__1683.JPG,0ارکق,0.3411968117574831,"(4728, 1153)","(4899, 1296)","(4813, 1224)"
GS__1683.JPG,قنظیوم,0.28579531545570497,"(3861, 1242)","(3965, 1278)","(3913, 1260)"
GS__1683.JPG,0915E0062E,0.19454094974679864,"(4648, 1226)","(4733, 1264)","(4690, 1245)"
GS__1683.JPG,/من کارت ,0.38111171468615146,"(4587, 1246)","(4655, 1302)","(4621, 1274)"
GS__1683.JPG, کامل /,0.5677242631189875,"(4652, 1261)","(4702, 1306)","(4677, 1283)"
GS__1683.JPG,عابربائگ / قهوه اسپرسو پروتئینی,0.39069535679318446,"(4698, 1276)","(4881, 1340)","(4789, 1308)"
GS__1683.JPG,Mبe,0.32645662751703497,"(4350, 1306)","(4454, 1354)","(4402, 1330)"
GS__1684.JPG,لهانا تآم,0.03464100905819076,"(3968, 1137)","(4033, 1157)","(4000, 1147)"
GS__1684.JPG,الو سرویس وض,0.5638941107776221,"(3703, 1206)","(3932, 1261)","(3817, 1233)"
GS__1684.JPG,گلاسمی,0.39957480681227725,"(3962, 1157)","(4241, 1257)","(4101, 1207)"
GS__1684.JPG,روغن اتومنيل داى ابرانى وخارج,0.3324350320705298,"(3697, 1253)","(3872, 1280)","(3784, 1266)"
GS__1684.JPG,UB0ق,0.011605958454310894,"(3972, 1268)","(4046, 1283)","(4009, 1275)"
GS__1684.JPG,٠٥٠٢ ٥,0.4025090986930515,"(3711, 1286)","(3785, 1301)","(3748, 1293)"
GS__1684.JPG,اتومان,0.6747288395953318,"(3800, 1276)","(3858, 1302)","(3829, 1289)"
GS__1684.JPG,٠_ ٥٥٤,0.06650907001819327,"(4027, 1327)","(4275, 1395)","(4151, 1361)"
GS__1684.JPG,T90إ,0.008044661954045296,"(4990, 1309)","(5108, 1373)","(5049, 1341)"
GS__1684.JPG,ذربر قجم غرتجادی,0.01131500130118194,"(4993, 1360)","(5174, 1412)","(5083, 1386)"
GS__1684.JPG,گیربک,0.4678686670050943,"(3852, 1277)","(3917, 1297)","(3884, 1287)"
GS__1685.JPG,كث لذدذئو دادادولی,0.006942929677090671,"(2805, 1230)","(2955, 1272)","(2880, 1251)"
GS__1685.JPG,تربكی آءعان,0.0723552232599502,"(4166, 1245)","(4249, 1265)","(4207, 1255)"
GS__1685.JPG,اتو س رویس وج,0.10433626914215313,"(4243, 1201)","(4556, 1285)","(4399, 1243)"
GS__1685.JPG,٤ ٤٦٤٦ ٥٢٦ ٠٩٧٥,0.5959857545508038,"(2865, 1268)","(2953, 1283)","(2909, 1275)"
GS__1685.JPG,روغن اتومیسل شای ثراتی وخارحی,0.12485805529172209,"(4271, 1262)","(4490, 1304)","(4380, 1283)"
GS__1685.JPG,تَفرَّها,0.002044674115472721,"(4626, 1292)","(4693, 1340)","(4659, 1316)"
GS__1685.JPG,م,0.009053606409424653,"(4355, 1403)","(4406, 1423)","(4380, 1413)"
GS__1685.JPG,7,0.5704157628277109,"(1450, 2341)","(1767, 2491)","(1608, 2416)"
GS__1685.JPG,سالنلا,0.057133433332554835,"(4599, 1239)","(4673, 1296)","(4636, 1267)"
GS__1686.JPG,هتین,0.7425640821456909,"(3635, 1183)","(3740, 1251)","(3687, 1217)"
GS__1686.JPG,,0.0,"(1497, 2474)","(1892, 2626)","(1694, 2550)"
GS__1686.JPG,لیس اءمان,0.0932449490534905,"(4163, 1186)","(4246, 1246)","(4204, 1216)"
GS__1686.JPG,لمق,0.2933480546536201,"(1259, 1254)","(1336, 1281)","(1297, 1267)"
GS__1686.JPG,ثنن,0.06424956693414242,"(1240, 1349)","(1363, 1347)","(1301, 1348)"
GS__1686.JPG,ذتا آ ٨اء,0.014706166868198308,"(1174, 1369)","(1237, 1380)","(1205, 1374)"
GS__1686.JPG,,0.0,"(2500, 2350)","(2728, 2438)","(2614, 2394)"
GS__1687.JPG,٥0,0.2698597880868861,"(1789, 1447)","(1820, 1473)","(1804, 1460)"
GS__1687.JPG,IقL,0.25984270998064735,"(4085, 1641)","(4184, 1691)","(4134, 1666)"
GS__1687.JPG,=,0.06024334952212684,"(2373, 2330)","(2694, 2417)","(2533, 2373)"
GS__1688.JPG,,0.0,"(1449, 2435)","(1844, 2596)","(1646, 2515)"
GS__1688.JPG,,0.0,"(2337, 2383)","(2712, 2416)","(2524, 2399)"
GS__1689.JPG,7,0.2011290265983554,"(1459, 2404)","(1830, 2554)","(1644, 2479)"
GS__1689.JPG,/,0.4646364606485385,"(3535, 2157)","(3885, 2300)","(3710, 2228)"
GS__1690.JPG,٥٢7ب٠١٦,0.017939700244735672,"(2091, 1493)","(2147, 1513)","(2119, 1503)"
GS__1690.JPG,;,0.022243237513649206,"(1464, 2413)","(1816, 2559)","(1640, 2486)"
GS__1690.JPG,0413,0.1963882604845215,"(3484, 991)","(3592, 1021)","(3538, 1006)"
GS__1690.JPG,,0.0,"(2399, 2329)","(2665, 2424)","(2532, 2376)"
GS__1691.JPG,,0.0,"(2299, 2369)","(2753, 2403)","(2526, 2386)"
GS__1692.JPG,کررجا |,0.07721408175655117,"(3486, 1335)","(3529, 1351)","(3507, 1343)"
GS__1692.JPG,٨٨١١,0.11466119438409805,"(3491, 1358)","(3529, 1373)","(3510, 1365)"
GS__1692.JPG,,0.0,"(2353, 2313)","(2574, 2430)","(2463, 2371)"
GS__1693.JPG,؟٤؟٦٨٥٢٩,0.3293541612166569,"(2280, 1529)","(2363, 1549)","(2321, 1539)"
GS__1693.JPG,7,0.6297188821518809,"(1445, 2417)","(1822, 2582)","(1633, 2499)"
GS__1693.JPG,,0.0,"(2403, 2344)","(2738, 2400)","(2570, 2372)"
GS__1694.JPG,؟0,0.07267565086623753,"(1109, 1384)","(1185, 1415)","(1147, 1399)"
GS__1694.JPG,گروه ساختمانی,0.922318430857252,"(4636, 1411)","(4740, 1442)","(4688, 1426)"
GS__1694.JPG,الم,0.12138321250677109,"(1103, 1463)","(1187, 1516)","(1145, 1489)"
GS__1694.JPG,20؟4,0.005912397988140583,"(1227, 1511)","(1297, 1531)","(1262, 1521)"
GS__1694.JPG,7,0.07635421399365683,"(1454, 2376)","(1813, 2533)","(1633, 2454)"
GS__1694.JPG,??,0.13265223789701105,"(1219, 1373)","(1303, 1401)","(1261, 1387)"
GS__1694.JPG,42575,0.02967446528906527,"(1107, 1521)","(1199, 1535)","(1153, 1528)"
GS__1694.JPG,7,0.04250406285112618,"(2275, 2334)","(2618, 2415)","(2446, 2374)"
GS__1695.JPG,,0.0,"(5306, 1215)","(5377, 1264)","(5341, 1239)"
GS__1695.JPG,5^,0.07843064815643347,"(2904, 2183)","(3080, 2244)","(2992, 2213)"
GS__1696.JPG,أر7,0.0021793081113853905,"(1255, 1295)","(1373, 1364)","(1314, 1329)"
GS__1696.JPG,تسم,0.19478295659834635,"(2940, 1421)","(3009, 1447)","(2974, 1434)"
GS__1696.JPG,٣٤ ٦٢٤٥٧٢,0.13458819826670249,"(5565, 1785)","(5653, 1805)","(5609, 1795)"
GS__1696.JPG,7,0.38361821682528685,"(1463, 2403)","(1822, 2564)","(1642, 2483)"
GS__1696.JPG,77,0.27686104557675784,"(3410, 2143)","(3871, 2301)","(3640, 2222)"
GS__1696.JPG,=,0.23969870769267132,"(2335, 2345)","(2655, 2425)","(2495, 2385)"
GS__1697.JPG,٨ ٥ ؟٣ و،,0.0010774941748742984,"(2862, 1494)","(2925, 1503)","(2893, 1498)"
GS__1697.JPG,HUقULII,0.052936173579234976,"(5502, 1677)","(5567, 1693)","(5534, 1685)"
GS__1697.JPG,ح,0.1966959352203368,"(1529, 2438)","(1814, 2566)","(1671, 2502)"
GS__1698.JPG,,0.0,"(2280, 2389)","(2771, 2389)","(2525, 2389)"
GS__1699.JPG,T٥٧٢؛٣,0.011215933780119614,"(5417, 1768)","(5534, 1808)","(5475, 1788)"
GS__1699.JPG,,0.0,"(3542, 2171)","(3701, 2267)","(3621, 2219)"
GS__1699.JPG,7,0.1924727958370278,"(1463, 2403)","(1831, 2560)","(1647, 2481)"
GS__1699.JPG,-,0.1605831347643525,"(2261, 2358)","(2673, 2421)","(2467, 2389)"
GS__1700.JPG,7٨,0.0227239114074588,"(5574, 1736)","(5608, 1756)","(5591, 1746)"
GS__1700.JPG,٠T٥٧٢ج٣,0.03649276743463346,"(5526, 1799)","(5651, 1837)","(5588, 1818)"
GS__1700.JPG,;8,0.023895641100122163,"(1457, 2402)","(1850, 2570)","(1653, 2486)"
GS__1700.JPG,,0.0,"(2332, 2357)","(2663, 2418)","(2497, 2387)"
GS__1701.JPG,~,0.0019410790287534146,"(1673, 1623)","(1963, 1855)","(1818, 1739)"
GS__1701.JPG,{7,0.3927186322805535,"(5628, 1740)","(5666, 1756)","(5647, 1748)"
GS__1701.JPG,٦٢٤٥٧٢,0.04967398539473166,"(5591, 1798)","(5708, 1829)","(5649, 1813)"
GS__1702.JPG,(?٨,0.11336968035558877,"(5669, 1722)","(5707, 1738)","(5688, 1730)"
GS__1702.JPG,٤؟٥٧٢ ج٦٣,0.2726586587943938,"(5623, 1793)","(5753, 1824)","(5688, 1808)"
GS__1702.JPG,,0.0,"(1453, 2411)","(1836, 2579)","(1644, 2495)"
GS__1702.JPG,,0.0,"(427, 797)","(781, 926)","(604, 861)"
GS__1702.JPG,/,0.5419526662604426,"(3533, 2142)","(3769, 2279)","(3651, 2210)"
GS__1702.JPG,-,0.271328314423247,"(2309, 2361)","(2729, 2408)","(2519, 2384)"
GS__1703.JPG,٥٧٥٤ ٦٤,0.13181049040204904,"(5651, 1781)","(5734, 1801)","(5692, 1791)"
GS__1703.JPG,Dr,0.043980919592488295,"(2918, 2183)","(3089, 2244)","(3003, 2213)"
GS__1704.JPG,(IR,0.0953993508777216,"(5493, 1763)","(5531, 1778)","(5512, 1770)"
GS__1704.JPG,T٥؛,0.33276050420448,"(5434, 1825)","(5577, 1873)","(5505, 1849)"
GS__1705.JPG,مر ,0.014807706136746526,"(1882, 663)","(2185, 916)","(2033, 789)"
GS__1705.JPG,شنبتا,0.04736743883514616,"(5026, 1693)","(5092, 1717)","(5059, 1705)"
GS__1705.JPG,مآ ',0.06887547671794891,"(5463, 1777)","(5502, 1807)","(5482, 1792)"
GS__1705.JPG,٠٤٣٤٥٧,0.06191533270166532,"(5417, 1845)","(5542, 1895)","(5479, 1870)"
GS__1705.JPG,51,0.1920824448567322,"(2928, 2198)","(3123, 2226)","(3025, 2212)"
GS__1706.JPG,م,0.09026208857017082,"(4381, 1456)","(4407, 1505)","(4394, 1480)"
GS__1706.JPG,,0.0,"(4372, 1541)","(4403, 1599)","(4387, 1570)"
GS__1706.JPG,ق8,0.06543709322895394,"(4454, 1475)","(4553, 1593)","(4503, 1534)"
GS__1706.JPG,(٨٨,0.39615319223477763,"(5408, 1754)","(5446, 1774)","(5427, 1764)"
GS__1706.JPG,;,0.060353737047311506,"(1453, 2407)","(1832, 2579)","(1642, 2493)"
GS__1706.JPG,,0.0,"(4418, 1444)","(4449, 1610)","(4433, 1527)"
GS__1706.JPG,؟٥W ج-,0.05441331356250429,"(5358, 1819)","(5485, 1868)","(5421, 1843)"
GS__1706.JPG,,0.0,"(2390, 2343)","(2678, 2417)","(2534, 2380)"
GS__1707.JPG,٣,0.11030450690736249,"(4529, 1366)","(4565, 1397)","(4547, 1381)"
GS__1707.JPG,م08,0.016503996667253367,"(5399, 1718)","(5437, 1738)","(5418, 1728)"
GS__1707.JPG,T٥ج,0.27928815176567595,"(5354, 1781)","(5476, 1822)","(5415, 1801)"
GS__1707.JPG,",",0.40539042490905786,"(1446, 2413)","(1816, 2563)","(1631, 2488)"
GS__1708.JPG,٩٦٥٦٢م ٦٤٩,0.39508653427056256,"(3050, 1484)","(3128, 1499)","(3089, 1491)"
GS__1708.JPG,٦٤٢٤٥٢٢٤٤,0.5286076086917483,"(5673, 1745)","(5752, 1760)","(5712, 1752)"
GS__1709.JPG,عن رعاً,0.14687393882866398,"(1504, 1410)","(1605, 1447)","(1554, 1428)"
GS__1709.JPG,٥٨,0.8633745028028134,"(2019, 1421)","(2057, 1441)","(2038, 1431)"
GS__1709.JPG,3666680,0.19757581200979954,"(1472, 1439)","(1622, 1506)","(1547, 1472)"
GS__1709.JPG,٩١٥٦٦ ٢ ٦٦٩,0.2706655288494972,"(2996, 1515)","(3079, 1535)","(3037, 1525)"
GS__1709.JPG,-٣٤٥٧٢,0.055359638711863494,"(118, 1847)","(262, 1860)","(190, 1853)"
GS__1709.JPG,,0.0,"(2323, 2349)","(2651, 2420)","(2487, 2384)"
GS__1710.JPG,چ,0.08611491274341265,"(3454, 2142)","(3728, 2268)","(3591, 2205)"
GS__1710.JPG,چ,0.3597335736345144,"(1445, 2421)","(1817, 2578)","(1631, 2499)"
GS__1710.JPG,٠١١٥٤١٢٠٤٧,0.33486891957460113,"(4734, 1648)","(4822, 1701)","(4778, 1674)"
GS__1710.JPG,,0.0,"(2311, 2361)","(2685, 2421)","(2498, 2391)"
GS__1711.JPG,L٧Y,0.04997858282293391,"(4630, 1439)","(4739, 1499)","(4684, 1469)"
GS__1711.JPG,٩١٥٦٢ ٤ ٦٦٩,0.2507970334200063,"(3018, 1538)","(3101, 1553)","(3059, 1545)"
GS__1711.JPG,,0.0,"(2284, 2386)","(2761, 2391)","(2522, 2388)"
GS__1712.JPG,٥٤٧٦٦,0.4047467352290768,"(2100, 1520)","(2156, 1540)","(2128, 1530)"
GS__1712.JPG,,0.0,"(2388, 2298)","(2584, 2422)","(2486, 2360)"
GS__1712.JPG,7,0.10933965250116273,"(1449, 2363)","(1768, 2524)","(1608, 2443)"
GS__1713.JPG,,0.0,"(2357, 2323)","(2633, 2417)","(2495, 2370)"
GS__1714.JPG,5/,0.022423215313699688,"(2923, 2187)","(3124, 2242)","(3023, 2214)"
GS__1715.JPG,=,0.3929221776502665,"(2302, 2338)","(2661, 2411)","(2481, 2374)"
GS__1716.JPG,7,0.43302274329679236,"(1450, 2345)","(1817, 2550)","(1633, 2447)"
GS__1717.JPG,7,0.8949752811559506,"(1469, 2405)","(1775, 2544)","(1622, 2474)"
GS__1717.JPG,,0.0,"(2313, 2342)","(2625, 2410)","(2469, 2376)"
GS__1718.JPG,7,0.20776151586687774,"(1457, 2380)","(1796, 2552)","(1626, 2466)"
GS__1718.JPG,77,0.2342809257614108,"(3428, 2137)","(3856, 2315)","(3642, 2226)"
GS__1718.JPG,ِ,0.09359045920057074,"(2350, 2341)","(2645, 2415)","(2497, 2378)"
GS__1719.JPG,=,0.17385917153589858,"(1455, 2422)","(1807, 2568)","(1631, 2495)"
GS__1719.JPG,7,0.48685652111544186,"(3464, 2130)","(3834, 2295)","(3649, 2212)"
GS__1719.JPG,,0.0,"(2297, 2372)","(2723, 2398)","(2510, 2385)"
GS__1720.JPG,آ٩٥٥,0.29478785395622253,"(3112, 1559)","(3174, 1590)","(3143, 1574)"
GS__1720.JPG,,0.0,"(2417, 2362)","(2671, 2415)","(2544, 2388)"
GS__1721.JPG,٥٩٩٥٦٢,0.3801812947038617,"(2865, 1511)","(2935, 1531)","(2900, 1521)"
GS__1722.JPG,,0.0,"(1495, 2386)","(1776, 2536)","(1635, 2461)"
GS__1723.JPG,خ=,0.049109149721154065,"(2281, 2291)","(2628, 2468)","(2454, 2379)"
GS__1723.JPG,/,0.8397528289666667,"(3508, 2169)","(3833, 2328)","(3670, 2248)"
GS__1724.JPG,D^,0.03811706581175397,"(2934, 2183)","(3100, 2240)","(3017, 2211)"
GS__1724.JPG,,0.0,"(2320, 2342)","(2661, 2421)","(2490, 2381)"
GS__1725.JPG,,0.0,"(1461, 2343)","(1815, 2526)","(1638, 2434)"
GS__1725.JPG,7,0.6151327066666887,"(3476, 2170)","(3834, 2333)","(3655, 2251)"
GS__1725.JPG,=,0.31714750976811956,"(2246, 2333)","(2653, 2403)","(2449, 2368)"
GS__1726.JPG,,0.0,"(2339, 2303)","(2597, 2431)","(2468, 2367)"
GS__1726.JPG,7,0.14886953790519986,"(1439, 2357)","(1791, 2529)","(1615, 2443)"
GS__1726.JPG,7,0.12454480345309182,"(3470, 2162)","(3831, 2343)","(3650, 2252)"
GS__1727.JPG,<,0.5396638805987095,"(2940, 2197)","(3031, 2235)","(2985, 2216)"
GS__1727.JPG,=,0.2911347276365319,"(2327, 2330)","(2635, 2450)","(2481, 2390)"
GS__1728.JPG,7,0.5147859379030173,"(1462, 2384)","(1809, 2552)","(1635, 2468)"
GS__1728.JPG,<,0.09540819919169863,"(3350, 2136)","(3844, 2311)","(3597, 2223)"
GS__1729.JPG,7,0.4586797909505016,"(1449, 2372)","(1786, 2528)","(1617, 2450)"
GS__1729.JPG,,0.0,"(3461, 2161)","(3767, 2334)","(3614, 2247)"
GS__1729.JPG,=,0.13725472448715337,"(2256, 2327)","(2652, 2403)","(2454, 2365)"
GS__1731.JPG,4,0.04641245035678332,"(2905, 2193)","(3061, 2243)","(2983, 2218)"
GS__1731.JPG,=,0.08599068269476007,"(2282, 2318)","(2599, 2430)","(2440, 2374)"
GS__1732.JPG,<,0.14347819983328325,"(2907, 2192)","(3005, 2240)","(2956, 2216)"
GS__1733.JPG,< 1,0.24361112713813782,"(2877, 2197)","(3081, 2239)","(2979, 2218)"
GS__1734.JPG,,0.0,"(1454, 2323)","(1754, 2528)","(1604, 2425)"
GS__1734.JPG,/,0.4857496304922826,"(3477, 2176)","(3793, 2335)","(3635, 2255)"
GS__1735.JPG,٣,0.8683235686494619,"(5299, 903)","(5374, 996)","(5336, 949)"
GS__1735.JPG,٩١٥٩٥٠٠٠٢٢,0.27598069920448515,"(3970, 1558)","(4093, 1596)","(4031, 1577)"
GS__1735.JPG,<^,0.039988476704057335,"(2888, 2193)","(3060, 2243)","(2974, 2218)"
GS__1736.JPG,چ,0.15888826565899095,"(1440, 2313)","(1809, 2538)","(1624, 2425)"
GS__1736.JPG,7,0.3710853533054639,"(3467, 2167)","(3851, 2341)","(3659, 2254)"
GS__1736.JPG,,0.0,"(2299, 2324)","(2707, 2384)","(2503, 2354)"
GS__1737.JPG,,0.0,"(1455, 2382)","(1803, 2532)","(1629, 2457)"
GS__1737.JPG,/,0.7486814776723492,"(3487, 2164)","(3685, 2309)","(3586, 2236)"
GS__1738.JPG,٦٤٩٩١٥٢,0.6426905678025823,"(2802, 1524)","(2876, 1540)","(2839, 1532)"
GS__1739.JPG,7,0.8698055034415688,"(1488, 2451)","(1828, 2575)","(1658, 2513)"
GS__1739.JPG,٤٥٥٩٥,0.16775989538021077,"(3507, 1614)","(3603, 1677)","(3555, 1645)"
GS__1739.JPG,هآ,0.18411760188779616,"(3938, 1776)","(4007, 1834)","(3972, 1805)"
GS__1739.JPG,تشآشد,0.15679523361887843,"(4004, 1785)","(4099, 1853)","(4051, 1819)"
GS__1739.JPG,,0.0,"(2312, 2357)","(2695, 2429)","(2503, 2393)"
GS__1740.JPG,Iتتآد,0.005611461911963273,"(2136, 1520)","(2206, 1540)","(2171, 1530)"
GS__1740.JPG,٤٩٥٩٥٧٥,0.48497712965941,"(2914, 1505)","(3035, 1536)","(2974, 1520)"
GS__1740.JPG,٤٧J٩٥٥,0.06644992084223098,"(3438, 1593)","(3575, 1672)","(3506, 1632)"
GS__1740.JPG,٤٧٢f,0.30457428097724915,"(4925, 1763)","(5031, 1783)","(4978, 1773)"
GS__1741.JPG,,0.0,"(1687, 2547)","(1930, 2655)","(1808, 2601)"
GS__1742.JPG,ت,0.48042632757389825,"(2606, 1711)","(2703, 1808)","(2654, 1759)"
GS__1742.JPG,;,0.10170210716853845,"(1431, 2412)","(1835, 2569)","(1633, 2490)"
GS__1743.JPG,",",0.5242229192017476,"(1458, 2412)","(1853, 2573)","(1655, 2492)"
GS__1744.JPG,7,0.03914420537636776,"(1440, 2408)","(1844, 2564)","(1642, 2486)"
GS__1745.JPG,<,0.9742200423307992,"(3007, 2188)","(3081, 2230)","(3044, 2209)"
GS__1746.JPG,;,0.030637418098194757,"(1459, 2440)","(1857, 2586)","(1658, 2513)"
GS__1747.JPG,7,0.07559546907999337,"(1456, 2441)","(1856, 2580)","(1656, 2510)"
GS__1748.JPG,ا ل~,0.4001156985759735,"(2930, 2176)","(3134, 2244)","(3032, 2210)"
GS__1748.JPG,",",0.16251105353491369,"(1449, 2399)","(1826, 2560)","(1637, 2479)"
GS__1749.JPG,7,0.06810964785810913,"(1440, 2412)","(1849, 2569)","(1644, 2490)"
GS__1750.JPG,7,0.06381587646500098,"(1454, 2403)","(1835, 2560)","(1644, 2481)"
GS__1751.JPG,",٤",0.04088160982025375,"(1449, 2394)","(1826, 2555)","(1637, 2474)"
GS__1752.JPG,-٥٩٨٥ ٥٩,0.28807181973146456,"(2798, 1349)","(2872, 1364)","(2835, 1356)"
GS__1752.JPG,;,0.08371447349014716,"(1459, 2431)","(1852, 2577)","(1655, 2504)"
GS__1753.JPG,ا ل~د=,0.14836700777156986,"(2939, 2178)","(3144, 2245)","(3041, 2211)"
GS__1753.JPG,7,0.10239864120934161,"(1441, 2418)","(1839, 2563)","(1640, 2490)"
GS__1754.JPG,;,0.042186113646274004,"(1449, 2426)","(1849, 2582)","(1649, 2504)"
GS__1754.JPG,ازک,0.35798116501073274,"(1643, 1186)","(1764, 1212)","(1703, 1199)"
GS__1755.JPG,>,0.6418276082766603,"(1781, 2501)","(1972, 2629)","(1876, 2565)"
GS__1756.JPG,"رایشگاه ,",0.4851447332663139,"(3571, 1186)","(3696, 1261)","(3633, 1223)"
GS__1756.JPG,",",0.1850292808175178,"(1449, 2372)","(1817, 2533)","(1633, 2452)"
GS__1757.JPG,<,0.7725368615042818,"(2859, 2197)","(2950, 2239)","(2904, 2218)"
GS__1757.JPG,7,0.16360687535176854,"(1459, 2346)","(1794, 2496)","(1626, 2421)"
GS__1757.JPG,"رایشگاه ,",0.40297770213655715,"(4809, 1355)","(4914, 1443)","(4861, 1399)"
GS__1758.JPG,EPSf,0.03469152748584747,"(2969, 1430)","(3047, 1450)","(3008, 1440)"
GS__1758.JPG,;,0.07112807904890417,"(1455, 2431)","(1857, 2581)","(1656, 2506)"
GS__1759.JPG,7,0.05617023063356208,"(1440, 2399)","(1822, 2560)","(1631, 2479)"
GS__1760.JPG,",",0.10593394157443559,"(1444, 2357)","(1814, 2525)","(1629, 2441)"
GS__1761.JPG,ا ل~,0.0716066062450409,"(2919, 2186)","(3119, 2243)","(3019, 2214)"
GS__1761.JPG,7,0.12339540071269894,"(1440, 2381)","(1817, 2542)","(1628, 2461)"
GS__1761.JPG,١٢ ٢٥٢ ٥ ٦٩٥,0.31801920551006013,"(5376, 1767)","(5462, 1800)","(5419, 1783)"
GS__1762.JPG,اثامارلن,0.21466525138994505,"(2425, 1097)","(2511, 1157)","(2468, 1127)"
GS__1762.JPG,5r,0.03766335927602182,"(2913, 2183)","(3085, 2244)","(2999, 2213)"
GS__1762.JPG,7,0.14475123575963167,"(1450, 2391)","(1821, 2541)","(1635, 2466)"
GS__1762.JPG,٥ ٦٩٥,0.525383140759135,"(5277, 1874)","(5328, 1918)","(5302, 1896)"
GS__1762.JPG,١٢ ٤٥٢,0.6858702952311257,"(5327, 1886)","(5395, 1935)","(5361, 1910)"
GS__1763.JPG,9ی مارکت,0.6740182362866468,"(945, 1178)","(1281, 1319)","(1113, 1248)"
GS__1763.JPG,,0.0,"(1839, 2573)","(2026, 2696)","(1932, 2634)"
GS__1763.JPG,١٢ ٤٥٢ ٥ ٦٩٥ ,0.5756690406112878,"(5036, 1777)","(5151, 1837)","(5093, 1807)"
GS__1764.JPG,ریباب   خودرو,0.3007208981811384,"(2825, 1128)","(2908, 1148)","(2866, 1138)"
GS__1764.JPG, ٩ مارئت,0.11422696181945932,"(105, 1453)","(272, 1546)","(188, 1499)"
GS__1764.JPG,،١٢ ٢٥٢ ٥,0.35306654934069986,"(4506, 1840)","(4577, 1941)","(4541, 1890)"
GS__1765.JPG,زیباین,0.12185160968862382,"(4060, 1194)","(4120, 1231)","(4090, 1212)"
GS__1765.JPG,رامک,0.879724383354187,"(3868, 1226)","(3912, 1253)","(3890, 1239)"
GS__1765.JPG,;,0.06172726729004396,"(1454, 2399)","(1835, 2560)","(1644, 2479)"
GS__1765.JPG,مانتل,0.5943374883009583,"(3940, 1132)","(3996, 1188)","(3968, 1160)"
GS__1765.JPG,خودرو,0.9417649226776673,"(4001, 1159)","(4059, 1215)","(4030, 1187)"
GS__1766.JPG,",",0.22659056541390132,"(1449, 2390)","(1831, 2555)","(1640, 2472)"
GS__1767.JPG,آا,0.12515713158696626,"(4925, 1348)","(5001, 1374)","(4963, 1361)"
GS__1767.JPG,ا ل~=,0.08451193128860106,"(2915, 2172)","(3136, 2248)","(3025, 2210)"
GS__1767.JPG,١ ٥٧ى,0.5427267306877811,"(5301, 1912)","(5345, 1942)","(5323, 1927)"
GS__1768.JPG,<,0.781866202616758,"(2979, 2187)","(3064, 2236)","(3021, 2211)"
GS__1768.JPG,7,0.09901686909332685,"(1454, 2435)","(1867, 2591)","(1660, 2513)"
GS__1769.JPG,;,0.07710833938079364,"(1449, 2399)","(1835, 2555)","(1642, 2477)"
GS__1770.JPG,2چ~,0.0016695762073609117,"(583, 2410)","(744, 2485)","(663, 2447)"
GS__1770.JPG,7,0.058987546551571235,"(1420, 2409)","(1873, 2562)","(1646, 2485)"
GS__1771.JPG,7,0.030750374997524865,"(1455, 2445)","(1866, 2590)","(1660, 2517)"
GS__1772.JPG,4145445-,0.015387352743028961,"(3495, 1173)","(3614, 1193)","(3554, 1183)"
GS__1772.JPG,٠٩١٧١٦٤٧٢,0.23313431756581046,"(3491, 1200)","(3560, 1220)","(3525, 1210)"
GS__1772.JPG,7,0.14872204467906514,"(1464, 2454)","(1879, 2604)","(1671, 2529)"
GS__1773.JPG,BCI,0.1034403036745282,"(2906, 1466)","(2975, 1486)","(2940, 1476)"
GS__1773.JPG,",",0.053926174089886425,"(1459, 2436)","(1861, 2586)","(1660, 2511)"
GS__1773.JPG,خدماک ولگ چمثه لاکومپیال,0.03164716819709537,"(4632, 1249)","(4861, 1361)","(4746, 1305)"
GS__1773.JPG,لچازددرادبا3دگ ولاولع,0.0012537812975929742,"(4624, 1290)","(4854, 1385)","(4739, 1337)"
GS__1773.JPG,٠٩١٥٥١٦٢٥٧٢,0.7634125708236372,"(4622, 1320)","(4714, 1378)","(4668, 1349)"
GS__1773.JPG,٨٠٢٠٢٠٠ذ٠٩٧,0.36587725064446747,"(4729, 1351)","(4805, 1390)","(4767, 1370)"
GS__1774.JPG,م;,0.02136029972237729,"(1456, 2428)","(1829, 2567)","(1642, 2497)"
GS__1776.JPG,fش٤٢,0.14468695223331451,"(5197, 1752)","(5282, 1789)","(5239, 1770)"
GS__1780.JPG,١٢٥٢ ٩ ٦٩٢,0.19060812298817423,"(3032, 1556)","(3115, 1571)","(3073, 1563)"
GS__1782.JPG,17,0.08697121533294758,"(1414, 2467)","(1919, 2617)","(1666, 2542)"
GS__1784.JPG,F,0.03480276177848496,"(1328, 311)","(1947, 840)","(1637, 575)"
GS__1784.JPG,;,0.3042676004956526,"(1450, 2386)","(1825, 2536)","(1637, 2461)"
GS__1784.JPG,,0.0,"(109, 128)","(402, 220)","(255, 174)"
GS__1788.JPG,;&,0.04474540442776123,"(1458, 2345)","(1799, 2506)","(1628, 2425)"
GS__1789.JPG,;,0.1317568661917825,"(1460, 2369)","(1775, 2504)","(1617, 2436)"
GS__1791.JPG,,0.0,"(1445, 2399)","(1831, 2555)","(1638, 2477)"
GS__1792.JPG,7070,0.10917410999536514,"(3969, 1328)","(4063, 1385)","(4016, 1356)"
GS__1792.JPG,;,0.04745918070570099,"(1454, 2403)","(1831, 2564)","(1642, 2483)"
GS__1793.JPG,;٤,0.04796152230818982,"(1454, 2394)","(1804, 2551)","(1629, 2472)"
GS__1794.JPG,;٤,0.03405525538999994,"(1444, 2402)","(1836, 2570)","(1640, 2486)"
GS__1795.JPG,[,0.32611354218920496,"(5303, 920)","(5339, 947)","(5321, 933)"
GS__1795.JPG,;2,0.028057352666291217,"(1454, 2363)","(1817, 2528)","(1635, 2445)"
GS__1795.JPG,كروهساخمانى,0.18001700610545193,"(5412, 903)","(5512, 908)","(5462, 905)"
GS__1796.JPG,ودساختمانى,0.2551401618142722,"(5534, 1025)","(5599, 1045)","(5566, 1035)"
GS__1796.JPG,;,0.059756969556198136,"(1459, 2400)","(1821, 2550)","(1640, 2475)"
GS__1797.JPG,;,0.2721148840248908,"(1449, 2354)","(1790, 2515)","(1619, 2434)"
GS__1798.JPG,;,0.3409725924414033,"(1449, 2367)","(1817, 2528)","(1633, 2447)"
GS__1799.JPG,سازز ل ٢ ٠١٣٢٥٩١٠١,0.15101146623295594,"(919, 1509)","(1078, 1551)","(998, 1530)"
GS__1799.JPG,",",0.18906788496914206,"(1472, 2408)","(1808, 2564)","(1640, 2486)"
GS__1800.JPG,7,0.034824709656788855,"(1468, 2418)","(1839, 2568)","(1653, 2493)"
GS__1801.JPG,ص;,0.10878940279526354,"(1454, 2381)","(1813, 2542)","(1633, 2461)"
GS__1802.JPG,;,0.06813712166935293,"(1458, 2381)","(1813, 2537)","(1635, 2459)"
GS__1803.JPG,م,0.012454028778676796,"(1595, 744)","(1789, 1208)","(1692, 976)"
GS__1803.JPG,;٤,0.03490892889289368,"(1463, 2381)","(1813, 2537)","(1638, 2459)"
GS__1805.JPG,,0.0,"(1464, 2400)","(1812, 2545)","(1638, 2472)"
GS__1806.JPG,,0.0,"(1526, 2489)","(1934, 2645)","(1730, 2567)"
GS__1807.JPG,ال~8,0.10216991603374481,"(2926, 2179)","(3130, 2244)","(3028, 2211)"
GS__1807.JPG,;,0.03982603194850132,"(1455, 2400)","(1821, 2550)","(1638, 2475)"
GS__1808.JPG,ا<,0.30338470463694467,"(2925, 2187)","(3028, 2240)","(2976, 2213)"
GS__1808.JPG,",",0.04033984657682255,"(1445, 2399)","(1826, 2560)","(1635, 2479)"
GS__1809.JPG,7,0.16873833346459666,"(1430, 2418)","(1873, 2557)","(1651, 2487)"
GS__1810.JPG,=٧٣7,0.04583350941538811,"(3572, 1385)","(3628, 1400)","(3600, 1392)"
GS__1811.JPG,;,0.1886151227503854,"(1464, 2440)","(1857, 2586)","(1660, 2513)"
GS__1812.JPG,-,0.0899289783932824,"(1461, 2389)","(1860, 2536)","(1660, 2462)"
GS__1814.JPG,زیبایی,0.8066126670272662,"(3913, 1100)","(3989, 1131)","(3951, 1115)"
GS__1814.JPG,ییرا-,0.07073529136531807,"(3874, 1106)","(3983, 1175)","(3928, 1140)"
GS__1814.JPG,",",0.1139947237443586,"(1427, 2403)","(1840, 2564)","(1633, 2483)"
GS__1814.JPG,حسینیور,0.7528092399591696,"(3803, 1158)","(3931, 1215)","(3867, 1186)"
GS__1815.JPG,3,0.1569395630327728,"(1447, 2441)","(1860, 2580)","(1653, 2510)"
GS__1816.JPG,٤T7٦1٦٦ ٥,0.008186240011500104,"(2906, 1425)","(2966, 1441)","(2936, 1433)"
GS__1816.JPG,HrefM٢f,0.006913078171099405,"(127, 1813)","(241, 1845)","(184, 1829)"
GS__1816.JPG,D~ل,0.05613471699258362,"(2921, 2178)","(3099, 2245)","(3010, 2211)"
GS__1816.JPG,,0.0,"(1446, 2404)","(1816, 2550)","(1631, 2477)"
GS__1817.JPG,<,0.7568201520998628,"(2930, 2187)","(3028, 2240)","(2979, 2213)"
GS__1817.JPG,",٤",0.03851471800015544,"(1449, 2399)","(1831, 2560)","(1640, 2479)"
GS__1818.JPG,HRfINT,0.012951748297734446,"(2559, 1380)","(2647, 1400)","(2603, 1390)"
GS__1818.JPG,7,0.14042712263341173,"(1427, 2408)","(1840, 2564)","(1633, 2486)"
GS__1819.JPG,_=,0.0141933646835367,"(3906, 630)","(4112, 674)","(4009, 652)"
GS__1819.JPG,6-7-5,0.10223405866321929,"(3885, 856)","(4035, 894)","(3960, 875)"
GS__1819.JPG,FHRI,0.1026114746928215,"(2717, 1353)","(2786, 1369)","(2751, 1361)"
GS__1819.JPG,<,0.34654480802928234,"(2953, 2197)","(3036, 2235)","(2994, 2216)"
GS__1819.JPG,",",0.12964975395792422,"(1449, 2408)","(1849, 2569)","(1649, 2488)"
GS__1820.JPG,Eم,0.223191008786316,"(3090, 1394)","(3155, 1414)","(3122, 1404)"
GS__1820.JPG,;,0.1728281368697191,"(1445, 2444)","(1889, 2600)","(1667, 2522)"
GS__1821.JPG,٢٩١٥٦ ٠٤٩,0.13553672073630263,"(3189, 1434)","(3272, 1454)","(3230, 1444)"
GS__1821.JPG,;,0.1199510038103293,"(1449, 2430)","(1853, 2587)","(1651, 2508)"
GS__1822.JPG,EFTI,0.04002769663929939,"(3000, 1335)","(3061, 1351)","(3030, 1343)"
GS__1822.JPG,,0.0,"(3452, 2161)","(3707, 2258)","(3579, 2209)"
GS__1822.JPG,",",0.04741347820347763,"(1445, 2412)","(1849, 2569)","(1647, 2490)"
GS__1823.JPG,;,0.15546589684396395,"(1448, 2411)","(1850, 2579)","(1649, 2495)"
GS__1824.JPG,",E",0.05954232485476674,"(1463, 2444)","(1889, 2605)","(1676, 2524)"
GS__1825.JPG,;,0.19855333364161254,"(1454, 2421)","(1867, 2582)","(1660, 2501)"
GS__1826.JPG,BFUUI,0.11070115034395427,"(2825, 1385)","(2903, 1405)","(2864, 1395)"
GS__1826.JPG,مم,0.04548632324299499,"(1457, 2456)","(1859, 2584)","(1658, 2520)"
GS__1827.JPG,شعه,0.023888824919844304,"(2949, 1386)","(3017, 1411)","(2983, 1398)"
GS__1827.JPG,;,0.07155601785201782,"(1454, 2403)","(1835, 2560)","(1644, 2481)"
GS__1828.JPG,7,0.3045034485915643,"(1445, 2421)","(1862, 2582)","(1653, 2501)"
GS__1830.JPG,",E",0.04074704470261803,"(1473, 2449)","(1870, 2595)","(1671, 2522)"
processed_GS__1430.JPG,تاپ سیستم,0.31432278748692144,"(3672, 1161)","(3786, 1217)","(3729, 1189)"
processed_GS__1431.JPG,197'|],0.16977563470263876,"(802, 1428)","(898, 1470)","(850, 1449)"
processed_GS__1431.JPG,7,0.33189058246216874,"(1474, 2432)","(1842, 2571)","(1658, 2501)"
processed_GS__1431.JPG,UT,0.18725385963255078,"(4387, 1217)","(4561, 1345)","(4474, 1281)"
processed_GS__1432.JPG,٧٧٧,0.2367781969394261,"(530, 1590)","(621, 1615)","(575, 1602)"
processed_GS__1434.JPG,٩١٥٦٢,0.8331042606976017,"(5435, 1912)","(5507, 1949)","(5471, 1930)"
processed_GS__1435.JPG,ل5 ٢٧٥ی٩٤,0.05262901291448273,"(4504, 1787)","(4617, 1824)","(4560, 1805)"
processed_GS__1437.JPG,٧آب٢٤٢,0.3358710913573939,"(4958, 1794)","(5023, 1814)","(4990, 1804)"
processed_GS__1437.JPG,,0.0,"(2385, 2308)","(2592, 2416)","(2488, 2362)"
processed_GS__1444.JPG,٥إ٨,0.18789390618277083,"(5434, 1523)","(5501, 1554)","(5467, 1538)"
